{
    "问题1": {
        "题干": "目标物体的瓶身主要材质是什么？",
        "A": "塑料",
        "B": "玻璃",
        "C": "金属",
        "D": "陶瓷",
        "答案": "A"
    },
    "问题2": {
        "题干": "目标物体的瓶身颜色为？",
        "A": "透明",
        "B": "白色",
        "C": "蓝色",
        "D": "绿色",
        "答案": "A"
    },
    "问题3": {
        "题干": "目标物体的瓶身上是否有按压泵头？",
        "A": "有",
        "B": "没有",
        "C": "不确定",
        "D": "以上都不对",
        "答案": "A"
    },
    "问题4": {
        "题干": "目标物体的标签状态如何？",
        "A": "完整无损",
        "B": "部分破损",
        "C": "完全缺失",
        "D": "未贴标签",
        "答案": "B"
    },
    "问题5": {
        "题干": "目标物体当前的状态是？",
        "A": "装满液体",
        "B": "半满",
        "C": "空的",
        "D": "无法判断",
        "答案": "C"
    }
}