{
    "问题1": {
        "题干": "洗碗机的门和把手的颜色是什么？",
        "A": "黑色",
        "B": "不锈钢色",
        "C": "银色",
        "D": "白色",
        "答案": "A"
    },
    "问题2": {
        "题干": "洗碗机内部的金属架子上放置了什么？",
        "A": "餐具",
        "B": "清洁剂",
        "C": "空置无物",
        "D": "毛巾",
        "答案": "C"
    },
    "问题3": {
        "题干": "洗碗机左侧堆放的是什么物品？",
        "A": "塑料碗碟",
        "B": "不锈钢碗碟",
        "C": "玻璃杯",
        "D": "陶瓷盘子",
        "答案": "B"
    },
    "问题4": {
        "题干": "洗碗机底部的状态如何？",
        "A": "干燥无渍",
        "B": "有水渍或残留物",
        "C": "有明显的污垢",
        "D": "覆盖着清洁剂",
        "答案": "B"
    },
    "问题5": {
        "题干": "洗碗机门上方的旋钮或按钮的颜色是什么？",
        "A": "红色",
        "B": "黑色",
        "C": "银色",
        "D": "蓝色",
        "答案": "B"
    }
}