{
    "问题1": {
        "Question": "局部图像中的红色物体是什么材质的？",
        "Answer": "布料"
    },
    "问题2": {
        "Question": "局部图像中的红色物体表面状态如何描述？",
        "Answer": "平整但有些褶皱"
    },
    "问题3": {
        "Question": "局部图像中的红色物体上有什么图案？",
        "Answer": "格子图案"
    },
    "问题4": {
        "Question": "局部图像中的红色物体被固定在什么结构上？",
        "Answer": "某个结构上"
    }
}