{
    "问题1": {
        "题干": "目标物体的材质是什么？",
        "A": "塑料",
        "B": "玻璃",
        "C": "金属",
        "D": "陶瓷",
        "答案": "A"
    },
    "问题2": {
        "题干": "瓶子的颜色描述正确的是？",
        "A": "透明",
        "B": "蓝色",
        "C": "红色",
        "D": "黄色",
        "答案": "A"
    },
    "问题3": {
        "题干": "瓶子上的泵头处于什么状态？",
        "A": "开启状态",
        "B": "损坏状态",
        "C": "关闭状态",
        "D": "缺失状态",
        "答案": "C"
    },
    "问题4": {
        "题干": "瓶子内装有什么？",
        "A": "固体物质",
        "B": "气体",
        "C": "液体",
        "D": "空瓶",
        "答案": "C"
    },
    "问题5": {
        "题干": "瓶子上是否有标签？",
        "A": "有，且内容清晰",
        "B": "有，但内容不清晰",
        "C": "没有标签",
        "D": "标签被撕掉",
        "答案": "B"
    }
}