{
    "问题1": {
        "Question": "局部图像中的hair_net是什么颜色的？",
        "Answer": "白色"
    },
    "问题2": {
        "Question": "局部图像中的hair_net材质最可能是以下哪种？",
        "Answer": "塑料或合成纤维"
    },
    "问题3": {
        "Question": "局部图像中的hair_net表面状态如何描述？",
        "Answer": "平整但有褶皱"
    },
    "问题4": {
        "Question": "根据局部图像，hair_net覆盖在什么部位？",
        "Answer": "头部"
    }
}