{
    "问题1": {
        "题干": "局部图像中的金属托盘最上面的托盘表面有何特征？",
        "A": "有多个小孔",
        "B": "完全光滑无孔",
        "C": "有大孔",
        "D": "有花纹",
        "答案": "A"
    },
    "问题2": {
        "题干": "局部图像中的金属托盘的颜色是什么？",
        "A": "金色",
        "B": "银色",
        "C": "黑色",
        "D": "蓝色",
        "答案": "B"
    },
    "问题3": {
        "题干": "局部图像中的金属托盘材质是什么？",
        "A": "塑料",
        "B": "木质",
        "C": "不锈钢",
        "D": "玻璃",
        "答案": "C"
    },
    "问题4": {
        "题干": "局部图像中的金属托盘状态如何描述？",
        "A": "全新无使用痕迹",
        "B": "非常脏",
        "C": "干净但有些许使用痕迹",
        "D": "严重损坏",
        "答案": "C"
    }
}