{
    "问题1": {
        "题干": "厨房工作人员正在做什么？",
        "A": "清洗或处理食材",
        "B": "准备餐具",
        "C": "烹饪食物",
        "D": "整理货架",
        "答案": "A"
    },
    "问题2": {
        "题干": "厨房工作人员的手套是什么材质的？",
        "A": "布料",
        "B": "塑料",
        "C": "橡胶",
        "D": "金属",
        "答案": "C"
    },
    "问题3": {
        "题干": "厨房工作人员穿着的工作服颜色是？",
        "A": "白色",
        "B": "蓝色",
        "C": "灰色",
        "D": "黑色",
        "答案": "A"
    },
    "问题4": {
        "题干": "厨房工作人员头上的发网颜色是？",
        "A": "白色",
        "B": "黄色",
        "C": "灰色",
        "D": "透明",
        "答案": "C"
    },
    "问题5": {
        "题干": "厨房工作人员的状态如何？",
        "A": "休息中",
        "B": "专注工作",
        "C": "与人交谈",
        "D": "等待任务",
        "答案": "B"
    }
}