{
    "问题1": {
        "题干": "厨房工作人员正在操作的容器材质是什么？",
        "A": "不锈钢",
        "B": "塑料",
        "C": "陶瓷",
        "D": "玻璃",
        "答案": "A"
    },
    "问题2": {
        "题干": "厨房工作人员穿着的短袖衬衫颜色是？",
        "A": "白色",
        "B": "深蓝色",
        "C": "浅蓝色",
        "D": "灰色",
        "答案": "C"
    },
    "问题3": {
        "题干": "厨房工作人员脚上穿的鞋子颜色是？",
        "A": "白色",
        "B": "黑色",
        "C": "棕色",
        "D": "蓝色",
        "答案": "B"
    },
    "问题4": {
        "题干": "厨房工作人员头上的帽子材质最可能是？",
        "A": "金属",
        "B": "塑料或布料",
        "C": "皮革",
        "D": "丝绸",
        "答案": "B"
    },
    "问题5": {
        "题干": "根据图片，厨房工作人员的操作状态显示他可能在做什么？",
        "A": "切菜",
        "B": "搅拌或倒东西",
        "C": "洗碗",
        "D": "烹饪",
        "答案": "B"
    }
}