{
    "问题1": {
        "题干": "局部图像中的线卷主要颜色是什么？",
        "A": "棕色和白色",
        "B": "蓝色和黄色",
        "C": "红色和黑色",
        "D": "绿色和灰色",
        "答案": "A"
    },
    "问题2": {
        "题干": "局部图像中的线卷标签上的文字是哪种语言的字符？",
        "A": "英文",
        "B": "日文",
        "C": "中文",
        "D": "韩文",
        "答案": "C"
    },
    "问题3": {
        "题干": "根据局部图像，这卷线的状态如何？",
        "A": "正在使用中",
        "B": "部分已使用",
        "C": "未使用，线轴完好",
        "D": "已经损坏",
        "答案": "C"
    },
    "问题4": {
        "题干": "局部图像中的线卷材质最可能是以下哪种？",
        "A": "金属",
        "B": "塑料",
        "C": "线材",
        "D": "玻璃",
        "答案": "C"
    }
}