{
    "问题1": {
        "Question": "局部图像中的盘子是什么颜色的？",
        "Answer": "白色"
    },
    "问题2": {
        "Question": "局部图像中的盘子处于什么状态？",
        "Answer": "堆叠状态"
    },
    "问题3": {
        "Question": "根据描述，局部图像中的盘子最可能由什么材质制成？",
        "Answer": "陶瓷"
    },
    "问题4": {
        "Question": "在全图中，与局部图像相似的盘子堆叠放置在哪里？",
        "Answer": "不锈钢架子上"
    }
}