{
    "问题1": {
        "Question": "局部图像中的金属托盘表面有什么特征？",
        "Answer": "有多个小孔"
    },
    "问题2": {
        "Question": "这些金属托盘的颜色是什么？",
        "Answer": "银色"
    },
    "问题3": {
        "Question": "这些金属托盘的材质是什么？",
        "Answer": "不锈钢"
    },
    "问题4": {
        "Question": "这些金属托盘的状态如何描述？",
        "Answer": "干净但有些许使用痕迹"
    }
}