{
    "问题1": {
        "Question": "局部图像中的塑料容器主要呈现什么颜色？",
        "Answer": "乳白色"
    },
    "问题2": {
        "Question": "这些塑料容器的材质是什么？",
        "Answer": "塑料"
    },
    "问题3": {
        "Question": "图片中的塑料容器是如何放置的？",
        "Answer": "堆放整齐"
    },
    "问题4": {
        "Question": "塑料容器的边缘设计有何特点？",
        "Answer": "有轻微的波纹设计"
    }
}