{
    "问题1": {
        "题干": "图片中的人穿着的短袖衬衫颜色是？",
        "A": "浅蓝色",
        "B": "深蓝色",
        "C": "白色",
        "D": "灰色",
        "答案": "A"
    },
    "问题2": {
        "题干": "该人物正在用哪只手操作金属设备？",
        "A": "左手",
        "B": "双手",
        "C": "右手",
        "D": "没有操作",
        "答案": "C"
    },
    "问题3": {
        "题干": "该人物下身穿着什么颜色的裤子？",
        "A": "黑色",
        "B": "蓝色",
        "C": "灰色",
        "D": "白色",
        "答案": "A"
    },
    "问题4": {
        "题干": "该人物的状态是？",
        "A": "坐着",
        "B": "行走",
        "C": "站立，正在操作设备",
        "D": "躺着",
        "答案": "C"
    },
    "问题5": {
        "题干": "该人物所穿围裙的颜色是？",
        "A": "红色",
        "B": "白色",
        "C": "黑色",
        "D": "绿色",
        "答案": "C"
    }
}