{
    "问题1": {
        "Question": "局部图像中的目标物体是什么材质的？",
        "Answer": "不锈钢"
    },
    "问题2": {
        "Question": "局部图像中的目标物体表面状态如何？",
        "Answer": "干净，无明显污渍"
    },
    "问题3": {
        "Question": "局部图像中的目标物体颜色是什么？",
        "Answer": "银色"
    },
    "问题4": {
        "Question": "局部图像中的目标物体具有什么外观特征？",
        "Answer": "表面光滑，有反光效果"
    }
}