{
    "问题1": {
        "题干": "局部图像中的时间戳显示的日期是？",
        "A": "03/04/2025",
        "B": "04/03/2025",
        "C": "03/04/2024",
        "D": "04/03/2024",
        "答案": "A"
    },
    "问题2": {
        "题干": "时间戳的文字颜色是什么？",
        "A": "黑色",
        "B": "红色",
        "C": "白色",
        "D": "蓝色",
        "答案": "C"
    },
    "问题3": {
        "题干": "时间戳的材质看起来像是什么？",
        "A": "纸质打印",
        "B": "屏幕显示",
        "C": "金属刻印",
        "D": "塑料标识",
        "答案": "B"
    },
    "问题4": {
        "题干": "时间戳的状态如何描述？",
        "A": "模糊不清",
        "B": "部分遮挡",
        "C": "清晰可见",
        "D": "反光严重",
        "答案": "C"
    },
    "问题5": {
        "题干": "局部图像中时间戳显示的具体时间是？",
        "A": "20:58:39",
        "B": "20:38:59",
        "C": "20:59:38",
        "D": "20:39:58",
        "答案": "A"
    }
}