{
    "问题1": {
        "题干": "局部图像中的目标物体是什么材质的？",
        "A": "不锈钢",
        "B": "塑料",
        "C": "玻璃",
        "D": "陶瓷",
        "答案": "A"
    },
    "问题2": {
        "题干": "局部图像中的目标物体的颜色是？",
        "A": "银色",
        "B": "金色",
        "C": "黑色",
        "D": "蓝色",
        "答案": "A"
    },
    "问题3": {
        "题干": "局部图像中的目标物体的状态如何？",
        "A": "有明显污渍",
        "B": "生锈",
        "C": "干净，无明显污渍",
        "D": "破损",
        "答案": "C"
    },
    "问题4": {
        "题干": "局部图像中的目标物体表面有何特点？",
        "A": "粗糙",
        "B": "有划痕",
        "C": "光滑，有反光效果",
        "D": "磨砂",
        "答案": "C"
    }
}