{
    "问题1": {
        "题干": "局部图像中的盘子是什么材质的？",
        "A": "陶瓷",
        "B": "塑料",
        "C": "金属",
        "D": "玻璃",
        "答案": "A"
    },
    "问题2": {
        "题干": "局部图像中的盘子的颜色是？",
        "A": "白色",
        "B": "蓝色",
        "C": "红色",
        "D": "绿色",
        "答案": "A"
    },
    "问题3": {
        "题干": "局部图像中的盘子的状态如何？",
        "A": "破损且杂乱",
        "B": "干净且叠放整齐",
        "C": "有污渍且随意堆放",
        "D": "部分缺失",
        "答案": "B"
    },
    "问题4": {
        "题干": "局部图像中的盘子是如何放置的？",
        "A": "单个平放",
        "B": "斜靠在墙上",
        "C": "整齐地堆叠在一起",
        "D": "倒扣在桌面上",
        "答案": "C"
    }
}