{
    "问题1": {
        "Question": "时间戳显示的日期是哪一天？",
        "Answer": "03/04/2025"
    },
    "问题2": {
        "Question": "时间戳显示的时间是多少？",
        "Answer": "20:58:39"
    },
    "问题3": {
        "Question": "时间戳的文字颜色是什么？",
        "Answer": "白色"
    },
    "问题4": {
        "Question": "时间戳的材质看起来像是什么？",
        "Answer": "屏幕显示"
    },
    "问题5": {
        "Question": "时间戳的显示状态如何？",
        "Answer": "清晰"
    }
}