{
    "问题1": {
        "题干": "图片中的人正在做什么工作？",
        "A": "清洗或处理食材",
        "B": "烹饪食物",
        "C": "搬运餐具",
        "D": "整理货架",
        "答案": "A"
    },
    "问题2": {
        "题干": "该人物佩戴的发网和口罩的颜色是？",
        "A": "白色",
        "B": "透明",
        "C": "黄色",
        "D": "蓝色",
        "答案": "B"
    },
    "问题3": {
        "题干": "该人物穿着的工作服颜色为？",
        "A": "白色",
        "B": "蓝色",
        "C": "黄色",
        "D": "灰色",
        "答案": "A"
    },
    "问题4": {
        "题干": "该人物佩戴的手套材质最可能是？",
        "A": "布料",
        "B": "橡胶或乳胶",
        "C": "塑料",
        "D": "金属",
        "答案": "B"
    },
    "问题5": {
        "题干": "该人物的状态描述正确的是？",
        "A": "在休息",
        "B": "在与人交谈",
        "C": "专注于手头的工作",
        "D": "在等待任务",
        "答案": "C"
    }
}