{
    "问题1": {
        "题干": "根据图片描述，drain_mat的颜色是什么？",
        "A": "深灰色",
        "B": "浅灰色",
        "C": "黑色",
        "D": "白色",
        "答案": "A"
    },
    "问题2": {
        "题干": "drain_mat的材质是什么？",
        "A": "金属",
        "B": "橡胶",
        "C": "塑料",
        "D": "木质",
        "答案": "C"
    },
    "问题3": {
        "题干": "drain_mat的状态如何？",
        "A": "有明显污渍",
        "B": "破损",
        "C": "干净，无明显污渍",
        "D": "潮湿",
        "答案": "C"
    },
    "问题4": {
        "题干": "drain_mat表面有什么特征？",
        "A": "光滑无孔",
        "B": "多个凸起的排水孔",
        "C": "凹陷的花纹",
        "D": "条纹状纹理",
        "答案": "B"
    },
    "问题5": {
        "题干": "drain_mat的主要功能是什么？",
        "A": "防滑",
        "B": "装饰",
        "C": "快速排水",
        "D": "保温",
        "答案": "C"
    }
}