{
    "问题1": {
        "Question": "洗碗机的门是什么颜色的？",
        "Answer": "黑色"
    },
    "问题2": {
        "Question": "洗碗机内部的金属架子上放置了什么？",
        "Answer": "没有放置任何餐具"
    },
    "问题3": {
        "Question": "洗碗机左侧堆放的是什么物品？",
        "Answer": "不锈钢碗碟"
    },
    "问题4": {
        "Question": "洗碗机底部的状态如何？",
        "Answer": "有水渍或残留物"
    }
}