{
    "问题1": {
        "Question": "图片中的发网是什么颜色的？",
        "Answer": "白色"
    },
    "问题2": {
        "Question": "发网的材质最可能是以下哪种？",
        "Answer": "塑料或合成纤维"
    },
    "问题3": {
        "Question": "发网的状态如何描述？",
        "Answer": "平整，覆盖在头部上方"
    },
    "问题4": {
        "Question": "根据图片，发网的主要功能是什么？",
        "Answer": "保持头发不进入食品制作过程中"
    }
}