{
    "问题1": {
        "题干": "局部图像中的垃圾桶主要颜色是什么？",
        "A": "黑色",
        "B": "白色",
        "C": "红色",
        "D": "蓝色",
        "答案": "A"
    },
    "问题2": {
        "题干": "根据局部图像，垃圾桶的材质最可能是以下哪种？",
        "A": "塑料",
        "B": "金属",
        "C": "玻璃",
        "D": "纸板",
        "答案": "A"
    },
    "问题3": {
        "题干": "局部图像中的垃圾桶状态如何？",
        "A": "空的",
        "B": "装有垃圾",
        "C": "倒置的",
        "D": "破损的",
        "答案": "B"
    },
    "问题4": {
        "题干": "局部图像中垃圾桶内的物品是什么状态？",
        "A": "整齐排列",
        "B": "完全填满",
        "C": "部分装有垃圾",
        "D": "没有任何物品",
        "答案": "C"
    },
    "问题5": {
        "题干": "根据局部图像，垃圾桶的设计风格更接近于哪种类型？",
        "A": "家用型",
        "B": "工业型",
        "C": "装饰型",
        "D": "户外型",
        "答案": "B"
    }
}