{
    "问题1": {
        "题干": "局部图像中的人物穿着什么颜色的制服？",
        "A": "黑色",
        "B": "白色",
        "C": "蓝色",
        "D": "绿色",
        "答案": "A"
    },
    "问题2": {
        "题干": "局部图像中人物胸前的标志是什么颜色的？",
        "A": "黄色",
        "B": "红色",
        "C": "蓝色",
        "D": "绿色",
        "答案": "B"
    },
    "问题3": {
        "题干": "局部图像中的人物处于什么状态？",
        "A": "行走状态",
        "B": "站立状态",
        "C": "坐姿状态",
        "D": "躺卧状态",
        "答案": "B"
    },
    "问题4": {
        "题干": "局部图像中的人物是否佩戴了口罩？",
        "A": "是",
        "B": "否",
        "C": "不确定",
        "D": "部分遮挡",
        "答案": "A"
    },
    "问题5": {
        "题干": "局部图像中的人物站在什么地方？",
        "A": "楼梯上",
        "B": "自动扶梯上",
        "C": "平地上",
        "D": "椅子上",
        "答案": "B"
    }
}