{
    "问题1": {
        "题干": "根据图片描述，sink的材质是什么？",
        "A": "不锈钢",
        "B": "陶瓷",
        "C": "塑料",
        "D": "玻璃",
        "答案": "A"
    },
    "问题2": {
        "题干": "sink内的状态如何描述？",
        "A": "空无一物",
        "B": "干燥整洁",
        "C": "有积水和餐具，显得有些凌乱",
        "D": "装满清洁剂",
        "答案": "C"
    },
    "问题3": {
        "题干": "sink的颜色是哪种？",
        "A": "银灰色",
        "B": "蓝色",
        "C": "红色",
        "D": "黑色",
        "答案": "A"
    },
    "问题4": {
        "题干": "在sink中可以看到哪些物品？",
        "A": "只有水",
        "B": "一些餐具",
        "C": "烹饪用具",
        "D": "清洁布",
        "答案": "B"
    }
}