{
    "问题1": {
        "题干": "图片中的不锈钢储物架主要呈现什么颜色？",
        "A": "银色",
        "B": "红色",
        "C": "白色",
        "D": "黑色",
        "答案": "A"
    },
    "问题2": {
        "题干": "储物架上摆放的盘子和碗的颜色分别是？",
        "A": "蓝色和绿色",
        "B": "白色和黄色",
        "C": "白色和红色",
        "D": "黑色和棕色",
        "答案": "C"
    },
    "问题3": {
        "题干": "储物架左侧的标识牌是什么颜色的？",
        "A": "蓝色",
        "B": "绿色",
        "C": "红色",
        "D": "黄色",
        "答案": "C"
    },
    "问题4": {
        "题干": "储物架的整体状态如何？",
        "A": "杂乱无章",
        "B": "部分破损",
        "C": "整洁有序",
        "D": "空置无物",
        "答案": "C"
    },
    "问题5": {
        "题干": "储物架的材质是什么？",
        "A": "塑料",
        "B": "不锈钢",
        "C": "木质",
        "D": "玻璃",
        "答案": "B"
    }
}