{
    "问题1": {
        "Question": "局部图像中的目标物体是什么颜色的？",
        "Answer": "深色（可能是黑色或深棕色）"
    },
    "问题2": {
        "Question": "局部图像中的目标物体表面状态如何？",
        "Answer": "有划痕或凹痕，看起来有些磨损"
    },
    "问题3": {
        "Question": "根据描述，局部图像中的目标物体最可能由什么材质制成？",
        "Answer": "可能是陶瓷或塑料"
    },
    "问题4": {
        "Question": "局部图像中的目标物体边缘有哪些特征？",
        "Answer": "边缘有几条明显的划痕或凹痕"
    }
}