{
    "问题1": {
        "题干": "局部图像中的盘子是什么颜色的？",
        "A": "白色",
        "B": "蓝色",
        "C": "红色",
        "D": "黑色",
        "答案": "A"
    },
    "问题2": {
        "题干": "这些盘子的材质最可能是以下哪种？",
        "A": "塑料",
        "B": "陶瓷",
        "C": "金属",
        "D": "玻璃",
        "答案": "B"
    },
    "问题3": {
        "题干": "盘子的叠放状态如何？",
        "A": "杂乱无章",
        "B": "部分倾斜",
        "C": "叠放整齐",
        "D": "单个平放",
        "答案": "C"
    },
    "问题4": {
        "题干": "从局部图像中可以看出，最上面的盘子边缘有何特征？",
        "A": "完全隐藏",
        "B": "边缘略微露出",
        "C": "边缘严重翘起",
        "D": "边缘有明显缺口",
        "答案": "B"
    }
}