{
    "问题1": {
        "Question": "图片中的厨房工作人员正在操作的容器材质是什么？",
        "Answer": "不锈钢"
    },
    "问题2": {
        "Question": "厨房工作人员穿着的帽子颜色是什么？",
        "Answer": "白色"
    },
    "问题3": {
        "Question": "厨房工作人员的短袖衬衫颜色是什么？",
        "Answer": "浅蓝色"
    },
    "问题4": {
        "Question": "厨房工作人员的围裙和裤子的颜色是什么？",
        "Answer": "黑色"
    },
    "问题5": {
        "Question": "厨房工作人员脚上穿的鞋子颜色是什么？",
        "Answer": "黑色"
    },
    "问题6": {
        "Question": "根据图片，厨房工作人员可能在进行什么操作？",
        "Answer": "搅拌或倒东西"
    }
}