{
    "问题1": {
        "题干": "图片中的hair_net的颜色是什么？",
        "A": "白色",
        "B": "黑色",
        "C": "蓝色",
        "D": "红色",
        "答案": "A"
    },
    "问题2": {
        "题干": "hair_net的材质最可能是以下哪种？",
        "A": "棉质",
        "B": "金属",
        "C": "塑料或合成纤维",
        "D": "羊毛",
        "答案": "C"
    },
    "问题3": {
        "题干": "关于hair_net的状态描述，下列哪个选项最准确？",
        "A": "完全平整无褶皱",
        "B": "有明显的褶皱和纹理",
        "C": "破损且不规则",
        "D": "透明且光滑",
        "答案": "B"
    },
    "问题4": {
        "题干": "从外观上看，hair_net覆盖在头部的方式是？",
        "A": "松散地搭在头上",
        "B": "紧密贴合头部",
        "C": "只覆盖部分头发",
        "D": "倒置在头上",
        "答案": "B"
    }
}