{
    "问题1": {
        "Question": "洗碗机的材质是什么？",
        "Answer": "不锈钢"
    },
    "问题2": {
        "Question": "洗碗机门的状态如何？",
        "Answer": "打开"
    },
    "问题3": {
        "Question": "洗碗机内部的金属架子上放置了什么？",
        "Answer": "没有放置任何餐具"
    },
    "问题4": {
        "Question": "洗碗机底部的状态是怎样的？",
        "Answer": "有一些水渍"
    },
    "问题5": {
        "Question": "洗碗机的整体颜色是什么？",
        "Answer": "银灰色"
    }
}