{
    "问题1": {
        "Question": "目标物体的材质是什么？",
        "Answer": "塑料"
    },
    "问题2": {
        "Question": "目标物体的颜色是什么？",
        "Answer": "透明"
    },
    "问题3": {
        "Question": "目标物体的状态如何描述？",
        "Answer": "空的，标签破损"
    },
    "问题4": {
        "Question": "目标物体的瓶身上有什么特征？",
        "Answer": "有部分标签或贴纸，但已被撕掉或磨损"
    }
}