{
    "问题1": {
        "题干": "根据图片描述，drainage_board的颜色是什么？",
        "A": "灰色",
        "B": "银色",
        "C": "白色",
        "D": "黑色",
        "答案": "A"
    },
    "问题2": {
        "题干": "drainage_board的材质是什么？",
        "A": "塑料",
        "B": "木材",
        "C": "金属",
        "D": "玻璃",
        "答案": "C"
    },
    "问题3": {
        "题干": "drainage_board的状态如何？",
        "A": "损坏",
        "B": "生锈",
        "C": "完好",
        "D": "老旧",
        "答案": "C"
    },
    "问题4": {
        "题干": "drainage_board的外观特征是什么？",
        "A": "圆形，有许多排水孔",
        "B": "长方形，上面有许多平行排列的排水孔",
        "C": "正方形，边缘有凸起",
        "D": "椭圆形，表面光滑",
        "答案": "B"
    }
}