{
    "问题1": {
        "Question": "局部图像中的drainage_board是什么颜色的？",
        "Answer": "灰色"
    },
    "问题2": {
        "Question": "局部图像中的drainage_board由什么材质制成？",
        "Answer": "金属"
    },
    "问题3": {
        "Question": "局部图像中的drainage_board的状态如何？",
        "Answer": "完好"
    },
    "问题4": {
        "Question": "局部图像中的drainage_board上有什么特征？",
        "Answer": "有许多平行排列的排水孔"
    }
}