{
    "问题1": {
        "Question": "局部图像中的水槽材质是什么？",
        "Answer": "不锈钢"
    },
    "问题2": {
        "Question": "局部图像中的水槽颜色是什么？",
        "Answer": "银灰色"
    },
    "问题3": {
        "Question": "局部图像中的水槽状态如何描述？",
        "Answer": "有水和泡沫"
    },
    "问题4": {
        "Question": "根据局部图像，水槽中除了水还有什么？",
        "Answer": "泡沫或清洁剂"
    }
}