{
    "问题1": {
        "题干": "排水板的颜色是什么？",
        "A": "银灰色",
        "B": "黑色",
        "C": "红色",
        "D": "蓝色",
        "答案": "A"
    },
    "问题2": {
        "题干": "排水板的材质是什么？",
        "A": "塑料",
        "B": "木材",
        "C": "金属",
        "D": "玻璃",
        "答案": "C"
    },
    "问题3": {
        "题干": "排水板的状态如何？",
        "A": "有明显污渍",
        "B": "有损坏",
        "C": "干净，无明显污渍或损坏",
        "D": "生锈",
        "答案": "C"
    },
    "问题4": {
        "题干": "排水板的外观特征是什么？",
        "A": "由多层平行排列的网格组成，网格中嵌有排水孔",
        "B": "单层平面设计",
        "C": "圆形孔洞设计",
        "D": "波浪形设计",
        "答案": "A"
    }
}