{
    "问题1": {
        "Question": "局部图像中的金属盘子是什么颜色的？",
        "Answer": "银色"
    },
    "问题2": {
        "Question": "这些金属盘子是由什么材质制成的？",
        "Answer": "不锈钢"
    },
    "问题3": {
        "Question": "金属盘子的堆放状态如何？",
        "Answer": "堆放整齐"
    },
    "问题4": {
        "Question": "金属盘子的形状特征是什么？",
        "Answer": "底部较宽，顶部较窄，类似于漏斗形状"
    }
}