{
    "问题1": {
        "Question": "局部图像中的防滑垫是什么颜色的？",
        "Answer": "深蓝色"
    },
    "问题2": {
        "Question": "防滑垫的表面纹理特征是什么样的？",
        "Answer": "凸起的方格纹理"
    },
    "问题3": {
        "Question": "防滑垫的材质是什么？",
        "Answer": "塑料"
    },
    "问题4": {
        "Question": "防滑垫在地面上的状态如何？",
        "Answer": "平整，放置在地面上"
    }
}