{
    "问题1": {
        "题干": "局部图像中的防滑垫的颜色是什么？",
        "A": "深蓝色",
        "B": "浅灰色",
        "C": "红色",
        "D": "黄色",
        "答案": "A"
    },
    "问题2": {
        "题干": "局部图像中的防滑垫的材质是什么？",
        "A": "橡胶",
        "B": "金属",
        "C": "塑料",
        "D": "木质",
        "答案": "C"
    },
    "问题3": {
        "题干": "局部图像中的防滑垫表面有什么特征？",
        "A": "光滑无纹理",
        "B": "凸起的方格纹理",
        "C": "凹陷的圆形纹理",
        "D": "条纹纹理",
        "答案": "B"
    },
    "问题4": {
        "题干": "局部图像中的防滑垫的状态如何？",
        "A": "卷曲",
        "B": "破损",
        "C": "平整，放置在地面上",
        "D": "悬空",
        "答案": "C"
    },
    "问题5": {
        "题干": "局部图像中的防滑垫主要用于什么功能？",
        "A": "装饰",
        "B": "增加摩擦力",
        "C": "隔热",
        "D": "防水",
        "答案": "B"
    }
}