{
    "问题1": {
        "题干": "洗碗机的材质是什么？",
        "A": "不锈钢",
        "B": "塑料",
        "C": "木质",
        "D": "玻璃",
        "答案": "A"
    },
    "问题2": {
        "题干": "洗碗机门的状态是？",
        "A": "关闭",
        "B": "半开",
        "C": "打开",
        "D": "锁住",
        "答案": "C"
    },
    "问题3": {
        "题干": "洗碗机内部架子上放置了什么？",
        "A": "餐具",
        "B": "清洁剂",
        "C": "无任何物品",
        "D": "抹布",
        "答案": "C"
    },
    "问题4": {
        "题干": "洗碗机底部的状态是？",
        "A": "干燥",
        "B": "有油渍",
        "C": "有水渍",
        "D": "有食物残渣",
        "答案": "C"
    },
    "问题5": {
        "题干": "洗碗机的颜色是什么？",
        "A": "银灰色",
        "B": "黑色",
        "C": "红色",
        "D": "蓝色",
        "答案": "A"
    }
}