{
    "问题1": {
        "Question": "图片中的人穿着什么颜色的短袖衬衫？",
        "Answer": "浅蓝色"
    },
    "问题2": {
        "Question": "该人物外面套着什么颜色的围裙？",
        "Answer": "黑色"
    },
    "问题3": {
        "Question": "他/她下身穿着什么颜色的裤子？",
        "Answer": "黑色"
    },
    "问题4": {
        "Question": "该人物正在用哪只手操作设备？",
        "Answer": "右手"
    },
    "问题5": {
        "Question": "他/她的鞋子是什么颜色的？",
        "Answer": "黑色"
    },
    "问题6": {
        "Question": "该人物的身体姿态如何？",
        "Answer": "站立，身体微微前倾"
    }
}