{
    "问题1": {
        "题干": "局部图像中的塑料容器的颜色是？",
        "A": "透明或乳白色",
        "B": "深蓝色",
        "C": "红色",
        "D": "黑色",
        "答案": "A"
    },
    "问题2": {
        "题干": "这些塑料容器的材质是什么？",
        "A": "玻璃",
        "B": "金属",
        "C": "塑料",
        "D": "陶瓷",
        "答案": "C"
    },
    "问题3": {
        "题干": "塑料容器的堆放状态如何？",
        "A": "杂乱无章",
        "B": "部分倒置",
        "C": "堆放整齐",
        "D": "随意摆放",
        "答案": "C"
    },
    "问题4": {
        "题干": "塑料容器的边缘设计有何特点？",
        "A": "完全平滑",
        "B": "有轻微的波纹设计",
        "C": "有尖锐的角",
        "D": "有复杂的花纹",
        "答案": "B"
    },
    "问题5": {
        "题干": "根据局部图像，这些塑料容器的数量如何？",
        "A": "非常少",
        "B": "数量较多",
        "C": "只有一个",
        "D": "无法判断",
        "答案": "B"
    }
}