{
    "问题1": {
        "题干": "局部图像中的塑料容器的主要颜色是什么？",
        "A": "白色",
        "B": "蓝色",
        "C": "红色",
        "D": "黄色",
        "答案": "A"
    },
    "问题2": {
        "题干": "局部图像中的塑料容器的材质是什么？",
        "A": "玻璃",
        "B": "金属",
        "C": "塑料",
        "D": "陶瓷",
        "答案": "C"
    },
    "问题3": {
        "题干": "局部图像中的塑料容器的状态如何？",
        "A": "完全关闭",
        "B": "部分打开或空置",
        "C": "完全打开",
        "D": "破损",
        "答案": "B"
    },
    "问题4": {
        "题干": "局部图像中的塑料容器的形状是什么？",
        "A": "圆形",
        "B": "长方形",
        "C": "三角形",
        "D": "椭圆形",
        "答案": "B"
    }
}