{
    "问题1": {
        "Question": "图片中的人正在做什么？",
        "Answer": "清洗或处理食材"
    },
    "问题2": {
        "Question": "这个人戴着什么颜色的手套？",
        "Answer": "黄色"
    },
    "问题3": {
        "Question": "他的工作服是什么颜色的？",
        "Answer": "白色"
    },
    "问题4": {
        "Question": "他头上戴的是什么？",
        "Answer": "发网"
    },
    "问题5": {
        "Question": "他的口罩看起来是由什么材质制成的？",
        "Answer": "布或无纺布"
    }
}