{
    "问题1": {
        "题干": "局部图像中的塑料储物盒的颜色是什么？",
        "A": "透明",
        "B": "白色",
        "C": "蓝色",
        "D": "黑色",
        "答案": "A"
    },
    "问题2": {
        "题干": "这些塑料储物盒的材质是什么？",
        "A": "玻璃",
        "B": "金属",
        "C": "塑料",
        "D": "木质",
        "答案": "C"
    },
    "问题3": {
        "题干": "图片中的塑料储物盒处于什么状态？",
        "A": "散乱状态",
        "B": "单个摆放",
        "C": "叠放状态",
        "D": "悬挂状态",
        "答案": "C"
    },
    "问题4": {
        "题干": "每个塑料储物盒是否都有一个盖子？",
        "A": "是，每个都有盖子",
        "B": "否，没有盖子",
        "C": "部分有盖子",
        "D": "无法确定",
        "答案": "A"
    },
    "问题5": {
        "题干": "这些塑料储物盒在整体场景图像中放置在哪里？",
        "A": "厨房的操作台上",
        "B": "厨房的架子上",
        "C": "厨房的地板上",
        "D": "厨房的冰箱里",
        "答案": "B"
    }
}