{
    "问题1": {
        "题干": "局部图像中的盘子主要呈现什么颜色？",
        "A": "银色",
        "B": "金色",
        "C": "黑色",
        "D": "蓝色",
        "答案": "A"
    },
    "问题2": {
        "题干": "这些盘子是由什么材质制成的？",
        "A": "塑料",
        "B": "陶瓷",
        "C": "不锈钢",
        "D": "玻璃",
        "答案": "C"
    },
    "问题3": {
        "题干": "盘子在局部图像中的状态如何？",
        "A": "杂乱无章",
        "B": "部分叠放",
        "C": "整齐叠放",
        "D": "随意摆放",
        "答案": "C"
    },
    "问题4": {
        "题干": "局部图像中除了圆盘状的盘子，还可以看到什么形状的容器？",
        "A": "三角形",
        "B": "方形",
        "C": "椭圆形",
        "D": "梯形",
        "答案": "B"
    },
    "问题5": {
        "题干": "这些盘子的边缘有何特点？",
        "A": "粗糙不平",
        "B": "有锯齿状装饰",
        "C": "边缘光滑",
        "D": "带有花纹",
        "答案": "C"
    }
}