{
    "问题1": {
        "题干": "图片中的“厨房5”四个字的颜色是什么？",
        "A": "白色",
        "B": "黑色",
        "C": "红色",
        "D": "蓝色",
        "答案": "A"
    },
    "问题2": {
        "题干": "“厨房5”四个字的字体风格属于哪种类型？",
        "A": "手写体",
        "B": "艺术体",
        "C": "像素风格",
        "D": "楷书",
        "答案": "C"
    },
    "问题3": {
        "题干": "“厨房5”四个字在图片中的状态如何？",
        "A": "模糊不清",
        "B": "部分遮挡",
        "C": "清晰可见",
        "D": "倒影显示",
        "答案": "C"
    },
    "问题4": {
        "题干": "“厨房5”四个字的材质表现为什么风格？",
        "A": "金属质感",
        "B": "塑料质感",
        "C": "像素风格",
        "D": "木质纹理",
        "答案": "C"
    }
}