{
    "问题1": {
        "题干": "目标人物穿着的西装外套颜色是？",
        "A": "黑色",
        "B": "白色",
        "C": "蓝色",
        "D": "红色",
        "答案": "A"
    },
    "问题2": {
        "题干": "目标人物胸前的装饰物颜色为？",
        "A": "黄色",
        "B": "绿色",
        "C": "红色",
        "D": "蓝色",
        "答案": "C"
    },
    "问题3": {
        "题干": "目标人物站立的位置是在哪里？",
        "A": "楼梯上",
        "B": "自动扶梯上",
        "C": "厨房中央",
        "D": "门口",
        "答案": "B"
    },
    "问题4": {
        "题干": "目标人物脚上穿的是什么颜色的鞋子？",
        "A": "白色",
        "B": "黑色",
        "C": "棕色",
        "D": "灰色",
        "答案": "B"
    },
    "问题5": {
        "题干": "目标人物的裤子材质最可能是以下哪种？",
        "A": "布料",
        "B": "皮革或类似材质",
        "C": "丝绸",
        "D": "棉质",
        "答案": "B"
    }
}