{
    "问题1": {
        "Question": "局部图像中的盘子是什么颜色的？",
        "Answer": "白色"
    },
    "问题2": {
        "Question": "这些盘子是如何放置的？",
        "Answer": "叠放整齐"
    },
    "问题3": {
        "Question": "根据局部图像，这些盘子最有可能是由什么材质制成的？",
        "Answer": "陶瓷"
    },
    "问题4": {
        "Question": "在局部图像中，最上面的盘子边缘是否完全隐藏？",
        "Answer": "否"
    }
}