{
    "问题1": {
        "Question": "局部图像中的排水板主要呈现什么颜色？",
        "Answer": "银灰色"
    },
    "问题2": {
        "Question": "排水板的材质是什么？",
        "Answer": "金属"
    },
    "问题3": {
        "Question": "排水板的状态如何描述？",
        "Answer": "干净，无明显污渍或损坏"
    },
    "问题4": {
        "Question": "排水板的结构特征是什么？",
        "Answer": "由多层平行排列的网格组成，网格中嵌有排水孔"
    }
}