{
    "问题1": {
        "Question": "局部图像中的水槽材质是什么？",
        "Answer": "不锈钢"
    },
    "问题2": {
        "Question": "描述局部图像中水槽的颜色。",
        "Answer": "银灰色"
    },
    "问题3": {
        "Question": "局部图像中的水槽状态如何？",
        "Answer": "有积水和餐具，显得有些凌乱"
    },
    "问题4": {
        "Question": "在局部图像中，水槽内除了积水还有什么？",
        "Answer": "餐具"
    }
}