{
    "问题1": {
        "题干": "根据局部图像，目标物体的颜色最可能是以下哪种？",
        "A": "深色（如黑色或深棕色）",
        "B": "浅色（如白色或浅灰色）",
        "C": "金属色（如银色或金色）",
        "D": "彩色（如红色或蓝色）",
        "答案": "A"
    },
    "问题2": {
        "题干": "目标物体的材质最有可能是以下哪种？",
        "A": "玻璃",
        "B": "木质",
        "C": "陶瓷或塑料",
        "D": "金属",
        "答案": "C"
    },
    "问题3": {
        "题干": "关于目标物体的状态描述，下列哪个选项最准确？",
        "A": "全新无损",
        "B": "有划痕或凹痕，看起来有些磨损",
        "C": "表面光滑且有光泽",
        "D": "破碎或裂开",
        "答案": "B"
    },
    "问题4": {
        "题干": "根据局部图像，目标物体最可能是什么类型的物品？",
        "A": "杯子",
        "B": "盘子或碗",
        "C": "刀具",
        "D": "砧板",
        "答案": "B"
    }
}