{
    "问题1": {
        "Question": "局部图像中的文字“厨房5”使用了哪种字体风格？",
        "Answer": "像素风格"
    },
    "问题2": {
        "Question": "局部图像中的“厨房5”四个字的颜色是什么？",
        "Answer": "白色"
    },
    "问题3": {
        "Question": "在局部图像中，“厨房5”的文字状态如何？",
        "Answer": "清晰可见"
    },
    "问题4": {
        "Question": "根据局部图像，“厨房5”这四个字的材质表现形式是什么？",
        "Answer": "像素风格"
    }
}