{
    "问题1": {
        "题干": "局部图像中的盘子是什么颜色的？",
        "A": "白色",
        "B": "蓝色",
        "C": "红色",
        "D": "黑色",
        "答案": "A"
    },
    "问题2": {
        "题干": "局部图像中的盘子处于什么状态？",
        "A": "单个摆放",
        "B": "随意堆放",
        "C": "堆叠状态",
        "D": "悬挂状态",
        "答案": "C"
    },
    "问题3": {
        "题干": "根据局部图像，这些盘子最可能由什么材质制成？",
        "A": "塑料",
        "B": "陶瓷",
        "C": "金属",
        "D": "玻璃",
        "答案": "B"
    },
    "问题4": {
        "题干": "局部图像中的盘子在全图中的位置是？",
        "A": "厨房的洗碗池旁边",
        "B": "厨房的操作台上",
        "C": "厨房的货架上",
        "D": "厨房的冰箱里",
        "答案": "C"
    },
    "问题5": {
        "题干": "局部图像中的盘子外观特征描述正确的是？",
        "A": "边缘有花纹装饰",
        "B": "表面有明显的凹凸纹理",
        "C": "边缘光滑且平整",
        "D": "盘子大小不一",
        "答案": "C"
    }
}