{
    "问题1": {
        "Question": "图片中的stainless_steel_shelf主要由什么材质制成？",
        "Answer": "不锈钢"
    },
    "问题2": {
        "Question": "架子上摆放的红色碗位于哪一侧？",
        "Answer": "右侧"
    },
    "问题3": {
        "Question": "架子左侧的标识牌是什么颜色的？",
        "Answer": "红色"
    },
    "问题4": {
        "Question": "架子上的白色塑料盒排列状态如何？",
        "Answer": "整洁有序"
    }
}