{
    "问题1": {
        "Question": "局部图像中的线卷主要颜色是什么？",
        "Answer": "棕色和白色"
    },
    "问题2": {
        "Question": "局部图像中的线卷标签上的文字是哪种语言的字符？",
        "Answer": "中文"
    },
    "问题3": {
        "Question": "根据局部图像，这卷线的状态如何？",
        "Answer": "未使用，线轴完好"
    },
    "问题4": {
        "Question": "局部图像中的线卷材质是什么？",
        "Answer": "线材"
    }
}