{
    "问题1": {
        "Question": "局部图像中的盘子是什么颜色的？",
        "Answer": "绿色"
    },
    "问题2": {
        "Question": "局部图像中的盘子是由什么材质制成的？",
        "Answer": "陶瓷"
    },
    "问题3": {
        "Question": "局部图像中的盘子处于什么状态？",
        "Answer": "干净且叠放整齐"
    },
    "问题4": {
        "Question": "局部图像中的盘子是如何排列的？",
        "Answer": "整齐地堆叠在一起"
    }
}