{
    "问题1": {
        "题干": "刀具收纳盒的盒盖状态是？",
        "A": "打开",
        "B": "关闭",
        "C": "半开",
        "D": "损坏",
        "答案": "A"
    },
    "问题2": {
        "题干": "刀具收纳盒内的刀具排列方式为？",
        "A": "杂乱无章",
        "B": "部分整齐",
        "C": "整齐排列",
        "D": "随意放置",
        "答案": "C"
    },
    "问题3": {
        "题干": "刀具收纳盒的主要颜色是什么？",
        "A": "红色",
        "B": "黑色",
        "C": "银色",
        "D": "蓝色",
        "答案": "B"
    },
    "问题4": {
        "题干": "刀具收纳盒的材质包括哪些？",
        "A": "全塑料",
        "B": "全金属",
        "C": "塑料和金属",
        "D": "木质和玻璃",
        "答案": "C"
    },
    "问题5": {
        "题干": "刀具收纳盒中的刀具主要材质是什么？",
        "A": "塑料",
        "B": "陶瓷",
        "C": "金属",
        "D": "木质",
        "答案": "C"
    }
}