{
    "问题1": {
        "题干": "图片中的发网是什么颜色的？",
        "A": "白色",
        "B": "黑色",
        "C": "蓝色",
        "D": "红色",
        "答案": "A"
    },
    "问题2": {
        "题干": "发网的材质最可能是以下哪种？",
        "A": "棉质",
        "B": "金属",
        "C": "塑料或合成纤维",
        "D": "羊毛",
        "答案": "C"
    },
    "问题3": {
        "题干": "发网的状态如何？",
        "A": "皱巴巴的",
        "B": "破损的",
        "C": "平整，覆盖在头部上方",
        "D": "松散的",
        "答案": "C"
    },
    "问题4": {
        "题干": "发网的主要功能是什么？",
        "A": "装饰用",
        "B": "保暖用",
        "C": "保持头发不进入食品制作过程中",
        "D": "防雨用",
        "答案": "C"
    }
}