{
    "问题1": {
        "Question": "局部图像中的塑料储物盒是什么颜色的？",
        "Answer": "透明"
    },
    "问题2": {
        "Question": "这些塑料储物盒是由什么材质制成的？",
        "Answer": "塑料"
    },
    "问题3": {
        "Question": "图片中的塑料储物盒处于什么状态？",
        "Answer": "叠放状态"
    },
    "问题4": {
        "Question": "每个塑料储物盒是否都有一个盖子？",
        "Answer": "是"
    }
}