{
    "问题1": {
        "题干": "局部图像中的盘子是什么颜色的？",
        "A": "绿色",
        "B": "白色",
        "C": "蓝色",
        "D": "红色",
        "答案": "A"
    },
    "问题2": {
        "题干": "局部图像中的盘子是由什么材质制成的？",
        "A": "塑料",
        "B": "金属",
        "C": "陶瓷",
        "D": "玻璃",
        "答案": "C"
    },
    "问题3": {
        "题干": "局部图像中的盘子处于什么状态？",
        "A": "破损且杂乱无章",
        "B": "干净且叠放整齐",
        "C": "湿润且未清洗",
        "D": "有污渍且随意堆放",
        "答案": "B"
    },
    "问题4": {
        "题干": "局部图像中的盘子是如何放置的？",
        "A": "单个平放",
        "B": "斜靠在墙上",
        "C": "整齐地堆叠在一起",
        "D": "分散在不同位置",
        "答案": "C"
    }
}