{
    "问题1": {
        "Question": "刀具收纳盒的主要颜色是什么？",
        "Answer": "黑色和银色"
    },
    "问题2": {
        "Question": "刀具收纳盒的材质由什么组成？",
        "Answer": "塑料和金属"
    },
    "问题3": {
        "Question": "刀具收纳盒的状态如何？",
        "Answer": "盒盖打开，刀具整齐排列"
    },
    "问题4": {
        "Question": "刀具收纳盒中的刀具是如何放置的？",
        "Answer": "整齐排列"
    }
}