{
    "问题1": {
        "题干": "局部图像中的塑料盘子是什么颜色的？",
        "A": "白色",
        "B": "蓝色",
        "C": "红色",
        "D": "黄色",
        "答案": "A"
    },
    "问题2": {
        "题干": "这些塑料盘子的材质是什么？",
        "A": "玻璃",
        "B": "金属",
        "C": "塑料",
        "D": "陶瓷",
        "答案": "C"
    },
    "问题3": {
        "题干": "塑料盘子的状态如何？",
        "A": "杂乱无章",
        "B": "部分破损",
        "C": "干净整齐地叠放在一起",
        "D": "随意堆放",
        "答案": "C"
    },
    "问题4": {
        "题干": "塑料盘子的形状是怎样的？",
        "A": "圆形",
        "B": "长方形，边缘略微圆润",
        "C": "三角形",
        "D": "椭圆形",
        "答案": "B"
    }
}