{
    "问题1": {
        "Question": "局部图像中的塑料容器是什么颜色的？",
        "Answer": "白色"
    },
    "问题2": {
        "Question": "局部图像中的塑料容器材质是什么？",
        "Answer": "塑料"
    },
    "问题3": {
        "Question": "局部图像中的塑料容器的状态如何？",
        "Answer": "部分打开或空置"
    },
    "问题4": {
        "Question": "局部图像中的塑料容器形状描述正确的是？",
        "Answer": "长方形的盒子"
    }
}