{
    "问题1": {
        "题干": "局部图像中的红色物体是什么材质的？",
        "A": "布料",
        "B": "塑料",
        "C": "金属",
        "D": "玻璃",
        "答案": "A"
    },
    "问题2": {
        "题干": "局部图像中的红色物体表面状态如何？",
        "A": "完全平整无褶皱",
        "B": "有明显的破损",
        "C": "平整但有些褶皱",
        "D": "非常粗糙",
        "答案": "C"
    },
    "问题3": {
        "题干": "局部图像中的红色物体上有什么图案？",
        "A": "纯色无图案",
        "B": "格子图案",
        "C": "花卉图案",
        "D": "条纹图案",
        "答案": "B"
    },
    "问题4": {
        "题干": "局部图像中的红色物体被固定在什么结构上？",
        "A": "墙上",
        "B": "柜子上",
        "C": "桌子上",
        "D": "门上",
        "答案": "B"
    },
    "问题5": {
        "题干": "局部图像中的红色物体的颜色是？",
        "A": "蓝色",
        "B": "红色",
        "C": "黄色",
        "D": "绿色",
        "答案": "B"
    }
}