{
    "问题1": {
        "Question": "图片中的人穿着什么颜色的西装外套？",
        "Answer": "黑色"
    },
    "问题2": {
        "Question": "该人物胸前的装饰物是什么颜色的？",
        "Answer": "红色"
    },
    "问题3": {
        "Question": "这个人站在哪里？",
        "Answer": "自动扶梯上"
    },
    "问题4": {
        "Question": "他脚上穿的是什么颜色的鞋子？",
        "Answer": "黑色"
    },
    "问题5": {
        "Question": "这个人的裤子是什么材质的？",
        "Answer": "可能是皮革或类似材质"
    }
}