{
    "问题1": {
        "题干": "局部图像中的金属盘子主要呈现什么颜色？",
        "A": "银色",
        "B": "金色",
        "C": "蓝色",
        "D": "红色",
        "答案": "A"
    },
    "问题2": {
        "题干": "这些金属盘子的材质是什么？",
        "A": "塑料",
        "B": "陶瓷",
        "C": "不锈钢",
        "D": "玻璃",
        "答案": "C"
    },
    "问题3": {
        "题干": "金属盘子的堆放状态如何？",
        "A": "杂乱无章",
        "B": "随意摆放",
        "C": "堆放整齐",
        "D": "部分倒置",
        "答案": "C"
    },
    "问题4": {
        "题干": "金属盘子的形状特征是什么？",
        "A": "完全圆形",
        "B": "底部较宽，顶部较窄，类似漏斗形状",
        "C": "方形",
        "D": "椭圆形",
        "答案": "B"
    }
}