{
    "问题1": {
        "Question": "图片中的厨房工作人员手上戴着什么颜色的手套？",
        "Answer": "黄色"
    },
    "问题2": {
        "Question": "厨房工作人员穿着的工作服是什么材质的？",
        "Answer": "布料"
    },
    "问题3": {
        "Question": "厨房工作人员头上戴着什么颜色的发网？",
        "Answer": "灰色"
    },
    "问题4": {
        "Question": "厨房工作人员正在做什么状态？",
        "Answer": "专注工作，正在清洗或处理食材"
    },
    "问题5": {
        "Question": "厨房工作人员的手套是由什么材质制成的？",
        "Answer": "橡胶"
    }
}