{
    "问题1": {
        "题干": "局部图像中的水槽材质是什么？",
        "A": "不锈钢",
        "B": "陶瓷",
        "C": "塑料",
        "D": "玻璃",
        "答案": "A"
    },
    "问题2": {
        "题干": "局部图像中的水槽内状态如何？",
        "A": "干燥无水",
        "B": "有水但无泡沫",
        "C": "有水和泡沫",
        "D": "完全空置",
        "答案": "C"
    },
    "问题3": {
        "题干": "局部图像中的水槽颜色为？",
        "A": "银灰色",
        "B": "蓝色",
        "C": "红色",
        "D": "黄色",
        "答案": "A"
    },
    "问题4": {
        "题干": "局部图像中的水槽内除了水和泡沫，还可见什么？",
        "A": "盘子",
        "B": "杯子",
        "C": "刀具",
        "D": "毛巾",
        "答案": "A"
    }
}