{
    "问题1": {
        "Question": "局部图像中的价格标签显示的价格是多少？",
        "Answer": "99"
    },
    "问题2": {
        "Question": "局部图像中的价格标签是什么颜色的？",
        "Answer": "红色"
    },
    "问题3": {
        "Question": "局部图像中的价格标签上的文字是否清晰可见？",
        "Answer": "是"
    },
    "问题4": {
        "Question": "根据描述，局部图像中的价格标签可能是由什么材质制成的？",
        "Answer": "塑料或纸质"
    }
}