{
    "问题1": {
        "题干": "该黑色T恤上的文字图案主要颜色是什么？",
        "A": "红色和白色",
        "B": "蓝色和黄色",
        "C": "绿色和黑色",
        "D": "紫色和粉色",
        "答案": "A"
    },
    "问题2": {
        "题干": "这件黑色T恤目前处于什么状态？",
        "A": "折叠收纳",
        "B": "打包待售",
        "C": "展示中",
        "D": "试穿中",
        "答案": "C"
    },
    "问题3": {
        "题干": "根据图片判断，这件黑色T恤最可能的材质是什么？",
        "A": "丝绸",
        "B": "棉质",
        "C": "羊毛",
        "D": "尼龙",
        "答案": "B"
    },
    "问题4": {
        "题干": "这件黑色T恤上印有的文字内容包括以下哪一项？",
        "A": "KEEP A YOUNG HEART",
        "B": "STAY STRONG",
        "C": "BE BRAVE",
        "D": "NEVER GIVE UP",
        "答案": "A"
    },
    "问题5": {
        "题干": "在整体场景图像中，这件黑色T恤被放置在哪里？",
        "A": "挂在衣架上",
        "B": "放在模特身上",
        "C": "叠放在桌子上",
        "D": "包装在盒子里",
        "答案": "B"
    }
}