{
    "问题1": {
        "Question": "这件格子衬衫的主要颜色是什么？",
        "Answer": "棕色和米色相间的格子图案"
    },
    "问题2": {
        "Question": "这件格子衬衫看起来是由什么材质制成的？",
        "Answer": "棉质或混纺材质"
    },
    "问题3": {
        "Question": "这件格子衬衫的状态如何？",
        "Answer": "整齐地挂在衣架上，标签还在"
    },
    "问题4": {
        "Question": "这件格子衬衫的风格属于哪种类型？",
        "Answer": "休闲风格"
    },
    "问题5": {
        "Question": "这件格子衬衫的外观特征是什么？",
        "Answer": "有明显的格子图案设计"
    }
}