{
    "问题1": {
        "Question": "局部图像中行人的裤子颜色是什么？",
        "Answer": "黑色"
    },
    "问题2": {
        "Question": "根据局部图像，行人的行走状态是怎样的？",
        "Answer": "站立行走"
    },
    "问题3": {
        "Question": "局部图像中行人的裤子材质最可能是哪种？",
        "Answer": "可能是棉质或混纺面料"
    },
    "问题4": {
        "Question": "在局部图像中，行人的鞋子颜色是什么？",
        "Answer": "黑色"
    }
}