{
    "问题1": {
        "题干": "局部图像中的promotional_sign标牌的主要颜色是什么？",
        "A": "红色背景，黄色文字",
        "B": "蓝色背景，白色文字",
        "C": "绿色背景，黑色文字",
        "D": "白色背景，红色文字",
        "答案": "A"
    },
    "问题2": {
        "题干": "局部图像中的promotional_sign标牌的材质最可能是以下哪种？",
        "A": "塑料",
        "B": "纸质或布质",
        "C": "金属",
        "D": "玻璃",
        "答案": "B"
    },
    "问题3": {
        "题干": "局部图像中的promotional_sign标牌的状态如何？",
        "A": "完全水平",
        "B": "垂直悬挂",
        "C": "略微倾斜",
        "D": "严重弯曲",
        "答案": "C"
    },
    "问题4": {
        "题干": "局部图像中的promotional_sign标牌上的文字颜色是什么？",
        "A": "红色",
        "B": "蓝色",
        "C": "黄色",
        "D": "黑色",
        "答案": "C"
    },
    "问题5": {
        "题干": "局部图像中的promotional_sign标牌固定在什么材质的支架上？",
        "A": "木质",
        "B": "塑料",
        "C": "金属",
        "D": "陶瓷",
        "答案": "C"
    }
}