{
    "问题1": {
        "题干": "价格标签上的数字是多少？",
        "A": "149",
        "B": "1149",
        "C": "99",
        "D": "3件",
        "答案": "A"
    },
    "问题2": {
        "题干": "价格标签的背景颜色是什么？",
        "A": "蓝色",
        "B": "黄色",
        "C": "红色",
        "D": "绿色",
        "答案": "C"
    },
    "问题3": {
        "题干": "价格标签上的文字颜色是什么？",
        "A": "黑色",
        "B": "红色",
        "C": "白色",
        "D": "绿色",
        "答案": "C"
    },
    "问题4": {
        "题干": "价格标签的状态如何？",
        "A": "模糊不清",
        "B": "部分遮挡",
        "C": "清晰可见",
        "D": "破损",
        "答案": "C"
    },
    "问题5": {
        "题干": "根据图片，价格标签最有可能是由什么材质制成的？",
        "A": "金属",
        "B": "木质",
        "C": "纸质或塑料",
        "D": "玻璃",
        "答案": "C"
    }
}