{
    "问题1": {
        "题干": "促销标志上的数字“3”旁边的文字是什么？",
        "A": "件",
        "B": "折",
        "C": "元",
        "D": "买",
        "答案": "A"
    },
    "问题2": {
        "题干": "促销标志的主要背景颜色是什么？",
        "A": "深蓝色",
        "B": "浅色",
        "C": "红色",
        "D": "黑色",
        "答案": "B"
    },
    "问题3": {
        "题干": "促销标志上的花朵图案颜色是什么？",
        "A": "黄色",
        "B": "蓝色",
        "C": "粉色",
        "D": "绿色",
        "答案": "C"
    },
    "问题4": {
        "题干": "促销标志的材质看起来像是什么？",
        "A": "纸质或塑料",
        "B": "金属",
        "C": "布料",
        "D": "玻璃",
        "答案": "A"
    },
    "问题5": {
        "题干": "促销标志的状态如何？",
        "A": "破损严重",
        "B": "模糊不清",
        "C": "完好无损，清晰可见",
        "D": "部分缺失",
        "答案": "C"
    }
}