{
    "问题1": {
        "Question": "mannequin穿着的T恤主要颜色是什么？",
        "Answer": "黑色"
    },
    "问题2": {
        "Question": "mannequin头上的帽子是什么颜色的？",
        "Answer": "棕色"
    },
    "问题3": {
        "Question": "T恤上的图案和文字主要使用了哪两种颜色？",
        "Answer": "红色和白色"
    },
    "问题4": {
        "Question": "mannequin旁边展示的衣物主要是哪种类型？",
        "Answer": "裤子"
    },
    "问题5": {
        "Question": "根据图片，T恤的材质最可能是以下哪种？",
        "Answer": "棉质"
    },
    "问题6": {
        "Question": "mannequin的状态是怎样的？",
        "Answer": "静止，展示服装"
    },
    "问题7": {
        "Question": "mannequin所在的环境是哪里？",
        "Answer": "商店的橱窗内"
    }
}