{
    "问题1": {
        "题干": "格子衬衫的主要颜色是什么？",
        "A": "棕色和米色相间的格子图案",
        "B": "蓝色和白色相间的格子图案",
        "C": "红色和黑色相间的格子图案",
        "D": "绿色和黄色相间的格子图案",
        "答案": "A"
    },
    "问题2": {
        "题干": "格子衬衫的材质看起来是什么？",
        "A": "丝绸",
        "B": "棉质或混纺材质",
        "C": "羊毛",
        "D": "尼龙",
        "答案": "B"
    },
    "问题3": {
        "题干": "格子衬衫的状态如何？",
        "A": "皱巴巴地堆在桌子上",
        "B": "随意地挂在衣架上",
        "C": "整齐地挂在衣架上，标签还在",
        "D": "折叠好放在盒子里",
        "答案": "C"
    },
    "问题4": {
        "题干": "格子衬衫的风格属于哪种类型？",
        "A": "正式商务风",
        "B": "休闲日常风",
        "C": "运动风",
        "D": "复古风",
        "答案": "B"
    },
    "问题5": {
        "题干": "格子衬衫上的标签状态是怎样的？",
        "A": "已经被移除",
        "B": "部分撕毁",
        "C": "还在原位",
        "D": "替换为新的标签",
        "答案": "C"
    }
}