{
    "问题1": {
        "题干": "这件长袖连帽衫的颜色是什么？",
        "A": "浅蓝色",
        "B": "深蓝色",
        "C": "白色",
        "D": "灰色",
        "答案": "A"
    },
    "问题2": {
        "题干": "这件长袖连帽衫的材质看起来是什么？",
        "A": "丝绸",
        "B": "棉质或混纺材质",
        "C": "羊毛",
        "D": "尼龙",
        "答案": "B"
    },
    "问题3": {
        "题干": "这件长袖连帽衫的状态如何？",
        "A": "有明显污渍",
        "B": "破损严重",
        "C": "状态良好，挂在衣架上",
        "D": "折叠存放",
        "答案": "C"
    },
    "问题4": {
        "题干": "这件长袖连帽衫的设计特点包括以下哪一项？",
        "A": "低领设计",
        "B": "无抽绳设计",
        "C": "高领和抽绳设计",
        "D": "短袖设计",
        "答案": "C"
    },
    "问题5": {
        "题干": "根据图片，这件长袖连帽衫的风格可以描述为？",
        "A": "复杂华丽",
        "B": "简约",
        "C": "复古",
        "D": "运动风",
        "答案": "B"
    }
}