{
    "问题1": {
        "题干": "mannequin所穿T恤的主要颜色是什么？",
        "A": "黑色",
        "B": "白色",
        "C": "红色",
        "D": "蓝色",
        "答案": "A"
    },
    "问题2": {
        "题干": "mannequin头上的帽子颜色是？",
        "A": "黑色",
        "B": "白色",
        "C": "棕色",
        "D": "蓝色",
        "答案": "C"
    },
    "问题3": {
        "题干": "T恤上的图案和文字主要使用了哪种颜色？",
        "A": "绿色",
        "B": "黄色",
        "C": "红色和白色",
        "D": "紫色",
        "答案": "C"
    },
    "问题4": {
        "题干": "mannequin旁边展示的衣物主要是？",
        "A": "裙子",
        "B": "裤子",
        "C": "外套",
        "D": "鞋子",
        "答案": "B"
    },
    "问题5": {
        "题干": "根据图片，mannequin的状态是？",
        "A": "行走中",
        "B": "跳舞",
        "C": "静止展示",
        "D": "旋转",
        "答案": "C"
    }
}