{
    "问题1": {
        "题干": "局部图像中行人的裤子颜色是什么？",
        "A": "黑色",
        "B": "蓝色",
        "C": "灰色",
        "D": "白色",
        "答案": "A"
    },
    "问题2": {
        "题干": "根据局部图像，行人的行走状态是怎样的？",
        "A": "静止站立",
        "B": "快速奔跑",
        "C": "正常行走",
        "D": "跳跃前进",
        "答案": "C"
    },
    "问题3": {
        "题干": "局部图像中行人的鞋子颜色是什么？",
        "A": "黑色",
        "B": "白色",
        "C": "红色",
        "D": "黄色",
        "答案": "A"
    },
    "问题4": {
        "题干": "局部图像中行人的裤子材质最可能是以下哪种？",
        "A": "丝绸",
        "B": "棉质或混纺面料",
        "C": "皮革",
        "D": "尼龙",
        "答案": "B"
    },
    "问题5": {
        "题干": "局部图像中行人的上衣颜色是什么？",
        "A": "黑色",
        "B": "白色",
        "C": "蓝色",
        "D": "绿色",
        "答案": "A"
    }
}