{
    "问题1": {
        "题干": "局部图像中的价格标签显示的价格是多少？",
        "A": "99",
        "B": "149",
        "C": "100",
        "D": "3件",
        "答案": "A"
    },
    "问题2": {
        "题干": "局部图像中的价格标签的颜色是什么？",
        "A": "蓝色",
        "B": "绿色",
        "C": "红色",
        "D": "黄色",
        "答案": "C"
    },
    "问题3": {
        "题干": "局部图像中的价格标签的材质最可能是以下哪种？",
        "A": "金属",
        "B": "塑料或纸质",
        "C": "玻璃",
        "D": "布料",
        "答案": "B"
    },
    "问题4": {
        "题干": "局部图像中的价格标签的状态如何？",
        "A": "模糊不清",
        "B": "部分遮挡",
        "C": "清晰可见",
        "D": "破损",
        "答案": "C"
    },
    "问题5": {
        "题干": "在全图中，与局部图像中的价格标签相同的价格标签位于哪个区域？",
        "A": "左侧衣架上",
        "B": "右侧衣架上",
        "C": "中间展示区",
        "D": "入口处",
        "答案": "A"
    }
}