{
    "问题1": {
        "Question": "目标物体的主要颜色是什么？",
        "Answer": "黑色"
    },
    "问题2": {
        "Question": "T恤背面的文字图案主要使用了哪两种颜色？",
        "Answer": "红色和白色"
    },
    "问题3": {
        "Question": "该T恤目前处于什么状态？",
        "Answer": "展示中"
    },
    "问题4": {
        "Question": "根据图片，这件T恤最可能的材质是什么？",
        "Answer": "棉质"
    },
    "问题5": {
        "Question": "T恤上的文字'KEEP A YOUNG HEART'出现在哪个位置？",
        "Answer": "背面"
    }
}