{
    "问题1": {
        "Question": "广告牌上展示的外套颜色是什么？",
        "Answer": "白色"
    },
    "问题2": {
        "Question": "广告牌上的文字描述了外套的哪种特性？",
        "Answer": "防晒"
    },
    "问题3": {
        "Question": "广告牌的背景主要由什么组成？",
        "Answer": "蓝天白云"
    },
    "问题4": {
        "Question": "广告牌上的中文文字颜色是什么？",
        "Answer": "蓝色"
    },
    "问题5": {
        "Question": "广告牌的材质是什么？",
        "Answer": "电子屏幕"
    },
    "问题6": {
        "Question": "广告牌当前的状态如何？",
        "Answer": "开启，显示广告内容"
    }
}