{
    "问题1": {
        "Question": "促销标志上的大数字是什么？",
        "Answer": "3"
    },
    "问题2": {
        "Question": "促销标志上的汉字“件”旁边有什么图案？",
        "Answer": "粉色的花朵图案"
    },
    "问题3": {
        "Question": "促销标志的主要背景颜色是什么？",
        "Answer": "浅色"
    },
    "问题4": {
        "Question": "促销标志上的数字和汉字的颜色是什么？",
        "Answer": "黑色"
    },
    "问题5": {
        "Question": "促销标志看起来是由什么材质制成的？",
        "Answer": "纸质或塑料材质"
    },
    "问题6": {
        "Question": "促销标志的状态如何？",
        "Answer": "完好无损，清晰可见"
    }
}