{
    "问题1": {
        "题干": "这辆小型汽车的颜色是什么？",
        "A": "黑色",
        "B": "白色",
        "C": "红色",
        "D": "蓝色",
        "答案": "A"
    },
    "问题2": {
        "题干": "这辆小型汽车当前处于什么状态？",
        "A": "行驶状态",
        "B": "维修状态",
        "C": "停放状态",
        "D": "充电状态",
        "答案": "C"
    },
    "问题3": {
        "题干": "这辆小型汽车的车顶上有什么特征？",
        "A": "有水滴",
        "B": "有积雪",
        "C": "有灰尘",
        "D": "无任何特征",
        "答案": "A"
    },
    "问题4": {
        "题干": "这辆小型汽车的材质是什么？",
        "A": "塑料",
        "B": "金属",
        "C": "木材",
        "D": "玻璃纤维",
        "答案": "B"
    },
    "问题5": {
        "题干": "这辆小型汽车的车窗状态如何？",
        "A": "打开的",
        "B": "半开的",
        "C": "关闭的",
        "D": "破损的",
        "答案": "C"
    }
}