{
    "问题1": {
        "Question": "局部图像中的promotional_sign标牌的主要颜色是什么？",
        "Answer": "红色"
    },
    "问题2": {
        "Question": "局部图像中promotional_sign标牌上的文字颜色是什么？",
        "Answer": "黄色"
    },
    "问题3": {
        "Question": "局部图像中的promotional_sign标牌处于什么状态？",
        "Answer": "倾斜"
    },
    "问题4": {
        "Question": "局部图像中的promotional_sign标牌看起来是由什么材质制成的？",
        "Answer": "纸质或布质"
    },
    "问题5": {
        "Question": "局部图像中的promotional_sign标牌是如何固定的？",
        "Answer": "固定在金属支架上"
    }
}