{
    "问题1": {
        "Question": "这辆小型汽车的主要颜色是什么？",
        "Answer": "黑色"
    },
    "问题2": {
        "Question": "根据图片，这辆小型汽车当前处于什么状态？",
        "Answer": "停放状态"
    },
    "问题3": {
        "Question": "车顶上的水滴表明了什么情况？",
        "Answer": "可能刚下过雨"
    },
    "问题4": {
        "Question": "这辆小型汽车的材质主要是什么？",
        "Answer": "金属"
    },
    "问题5": {
        "Question": "从图片中可以看出，这辆小型汽车的车窗是打开的还是关闭的？",
        "Answer": "关闭的"
    }
}