{
    "问题1": {
        "题干": "格子衬衫的标签显示价格为多少元？",
        "A": "149元",
        "B": "99元",
        "C": "299元",
        "D": "199元",
        "答案": "A"
    },
    "问题2": {
        "题干": "这件格子衬衫的颜色组合是？",
        "A": "蓝色和白色",
        "B": "棕色和白色",
        "C": "红色和黑色",
        "D": "绿色和黄色",
        "答案": "B"
    },
    "问题3": {
        "题干": "格子衬衫里面搭配的T恤上印有什么？",
        "A": "纯色无图案",
        "B": "风景画",
        "C": "抽象艺术",
        "D": "图案或文字",
        "答案": "D"
    },
    "问题4": {
        "题干": "根据图片判断，这件格子衬衫的材质最可能是？",
        "A": "丝绸",
        "B": "棉质或混纺",
        "C": "羊毛",
        "D": "尼龙",
        "答案": "B"
    },
    "问题5": {
        "题干": "这件格子衬衫目前的状态是？",
        "A": "已售出",
        "B": "展示品",
        "C": "待售",
        "D": "样品",
        "答案": "C"
    }
}