{
    "问题1": {
        "Question": "这件格子衬衫的标签上显示的价格是多少元？",
        "Answer": "149"
    },
    "问题2": {
        "Question": "这件格子衬衫的主要颜色是什么？",
        "Answer": "棕色和白色"
    },
    "问题3": {
        "Question": "这件格子衬衫里面搭配的是什么类型的衣物？",
        "Answer": "印有图案的T恤"
    },
    "问题4": {
        "Question": "根据图片，这件格子衬衫看起来是由什么材质制成的？",
        "Answer": "棉质或混纺材质"
    },
    "问题5": {
        "Question": "这件格子衬衫目前处于什么状态？",
        "Answer": "待售"
    }
}