{
    "问题1": {
        "Question": "这件长袖连帽衫的主要颜色是什么？",
        "Answer": "浅蓝色"
    },
    "问题2": {
        "Question": "这件长袖连帽衫的设计风格可以描述为？",
        "Answer": "简约"
    },
    "问题3": {
        "Question": "这件长袖连帽衫的领口设计是怎样的？",
        "Answer": "高领"
    },
    "问题4": {
        "Question": "这件长袖连帽衫是否带有抽绳设计？",
        "Answer": "是"
    },
    "问题5": {
        "Question": "这件长袖连帽衫看起来是由什么材质制成的？",
        "Answer": "棉质或混纺材质"
    },
    "问题6": {
        "Question": "这件长袖连帽衫当前的状态如何？",
        "Answer": "状态良好，挂在衣架上"
    }
}