{
    "问题1": {
        "Question": "价格标签上的数字是多少？",
        "Answer": "149"
    },
    "问题2": {
        "Question": "价格标签的背景颜色是什么？",
        "Answer": "红色"
    },
    "问题3": {
        "Question": "价格标签上的字体颜色是什么？",
        "Answer": "白色"
    },
    "问题4": {
        "Question": "价格标签的状态如何？",
        "Answer": "清晰可见"
    },
    "问题5": {
        "Question": "根据图片，价格标签最有可能是由什么材质制成的？",
        "Answer": "纸质或塑料"
    }
}