{
    "问题1": {
        "题干": "广告牌上展示的外套颜色是什么？",
        "A": "白色",
        "B": "黑色",
        "C": "蓝色",
        "D": "红色",
        "答案": "A"
    },
    "问题2": {
        "题干": "广告牌的背景主要由什么组成？",
        "A": "城市街道",
        "B": "蓝天白云",
        "C": "室内场景",
        "D": "森林景观",
        "答案": "B"
    },
    "问题3": {
        "题干": "广告牌上的文字描述了产品的哪种特性？",
        "A": "防水功能",
        "B": "保暖效果",
        "C": "防晒特点",
        "D": "夜光设计",
        "答案": "C"
    },
    "问题4": {
        "题干": "广告牌的材质是什么？",
        "A": "纸质",
        "B": "塑料",
        "C": "电子屏幕",
        "D": "金属",
        "答案": "C"
    },
    "问题5": {
        "题干": "广告牌上的文字颜色主要是哪种？",
        "A": "红色",
        "B": "黄色",
        "C": "蓝色",
        "D": "绿色",
        "答案": "C"
    }
}