{
    "问题1": {
        "题干": "局部图像中的塑料袋主要由哪两种颜色组成？",
        "A": "白色和红色",
        "B": "蓝色和黄色",
        "C": "绿色和黑色",
        "D": "粉色和紫色",
        "答案": "A"
    },
    "问题2": {
        "题干": "根据局部图像，塑料袋的状态是怎样的？",
        "A": "平整无褶皱",
        "B": "完全空的",
        "C": "皱褶，装有物品",
        "D": "半透明且空的",
        "答案": "C"
    },
    "问题3": {
        "题干": "局部图像中的塑料袋材质是什么？",
        "A": "纸质",
        "B": "布料",
        "C": "塑料",
        "D": "金属",
        "答案": "C"
    },
    "问题4": {
        "题干": "局部图像中的塑料袋上有什么图案？",
        "A": "纯色无图案",
        "B": "红色和白色的条纹图案",
        "C": "卡通图案",
        "D": "文字说明",
        "答案": "B"
    }
}