{
    "问题1": {
        "Question": "局部图像中的塑料袋是什么颜色的？",
        "Answer": "透明"
    },
    "问题2": {
        "Question": "塑料袋内的衣物数量大约是多少？",
        "Answer": "几件"
    },
    "问题3": {
        "Question": "塑料袋的材质是什么？",
        "Answer": "塑料"
    },
    "问题4": {
        "Question": "塑料袋的状态如何描述？",
        "Answer": "装有衣物"
    },
    "问题5": {
        "Question": "通过塑料袋可以清晰看到里面的物品吗？",
        "Answer": "可以"
    }
}