{
    "问题1": {
        "题干": "局部图像中的塑料袋主要颜色是什么？",
        "A": "白色和红色",
        "B": "蓝色和黄色",
        "C": "绿色和黑色",
        "D": "粉色和紫色",
        "答案": "A"
    },
    "问题2": {
        "题干": "局部图像中的塑料袋处于什么状态？",
        "A": "悬挂着",
        "B": "平摊在地面上",
        "C": "被手拿着",
        "D": "卷成一团",
        "答案": "B"
    },
    "问题3": {
        "题干": "局部图像中的塑料袋材质是什么？",
        "A": "纸张",
        "B": "布料",
        "C": "塑料",
        "D": "金属",
        "答案": "C"
    },
    "问题4": {
        "题干": "局部图像中的塑料袋上有何种图案？",
        "A": "红色的图案",
        "B": "蓝色的条纹",
        "C": "黄色的星星",
        "D": "绿色的叶子",
        "答案": "A"
    }
}