{
    "问题1": {
        "题干": "局部图像中的塑料袋主要颜色是什么？",
        "A": "白色、红色、黑色",
        "B": "蓝色、绿色、黄色",
        "C": "粉色、紫色、橙色",
        "D": "灰色、棕色、银色",
        "答案": "A"
    },
    "问题2": {
        "题干": "局部图像中塑料袋的状态如何？",
        "A": "整齐排列",
        "B": "悬挂展示",
        "C": "凌乱堆积",
        "D": "折叠收纳",
        "答案": "C"
    },
    "问题3": {
        "题干": "局部图像中的塑料袋材质是什么？",
        "A": "纸质",
        "B": "塑料",
        "C": "布料",
        "D": "金属",
        "答案": "B"
    },
    "问题4": {
        "题干": "局部图像中部分塑料袋上的图案特征是什么？",
        "A": "纯色无图案",
        "B": "卡通图案",
        "C": "红色和黑色的条纹图案",
        "D": "几何图形",
        "答案": "C"
    }
}