{
    "问题1": {
        "题干": "拖把头的主要颜色是什么？",
        "A": "灰色",
        "B": "白色",
        "C": "红色",
        "D": "蓝色",
        "答案": "A"
    },
    "问题2": {
        "题干": "拖把杆的颜色描述正确的是？",
        "A": "浅色",
        "B": "金色",
        "C": "深色",
        "D": "绿色",
        "答案": "C"
    },
    "问题3": {
        "题干": "拖把头的材质最可能是以下哪种？",
        "A": "金属",
        "B": "棉线或类似纤维材质",
        "C": "塑料",
        "D": "玻璃",
        "答案": "B"
    },
    "问题4": {
        "题干": "关于拖把的状态，下列描述正确的是？",
        "A": "全新未使用",
        "B": "看起来有些磨损，纤维有些散开",
        "C": "完全损坏无法使用",
        "D": "非常干净整洁",
        "答案": "B"
    },
    "问题5": {
        "题干": "拖把头的形状特征是？",
        "A": "圆形紧凑",
        "B": "长条形直线",
        "C": "扇形展开",
        "D": "三角形尖锐",
        "答案": "C"
    }
}