{
    "问题1": {
        "题干": "根据局部图像，cash_register的主要颜色是什么？",
        "A": "黑色和银色",
        "B": "红色和白色",
        "C": "蓝色和金色",
        "D": "绿色和黄色",
        "答案": "A"
    },
    "问题2": {
        "题干": "cash_register的屏幕当前显示的是什么内容？",
        "A": "商品库存列表",
        "B": "员工操作手册",
        "C": "二维码支付界面",
        "D": "系统设置菜单",
        "答案": "C"
    },
    "问题3": {
        "题干": "cash_register的材质看起来是由什么组成的？",
        "A": "全塑料",
        "B": "全金属",
        "C": "玻璃和木材",
        "D": "塑料和金属的组合",
        "答案": "D"
    },
    "问题4": {
        "题干": "cash_register当前的状态如何？",
        "A": "关闭状态，屏幕熄灭",
        "B": "待机状态，屏幕暗淡",
        "C": "工作状态，屏幕亮着",
        "D": "故障状态，屏幕闪烁",
        "答案": "C"
    },
    "问题5": {
        "题干": "cash_register的设计风格属于哪种类型？",
        "A": "复古机械风",
        "B": "现代化电子风",
        "C": "工业简约风",
        "D": "艺术装饰风",
        "答案": "B"
    }
}