{
    "问题1": {
        "Question": "塑料袋上的红色图案是什么风格的？",
        "Answer": "卡通形象"
    },
    "问题2": {
        "Question": "塑料袋的主要颜色是什么？",
        "Answer": "白色"
    },
    "问题3": {
        "Question": "塑料袋的材质是什么？",
        "Answer": "塑料"
    },
    "问题4": {
        "Question": "塑料袋的状态如何？",
        "Answer": "装有物品，袋子稍微鼓起"
    },
    "问题5": {
        "Question": "塑料袋上除了红色图案外，还有什么颜色？",
        "Answer": "黑色（提手）"
    }
}