{
    "问题1": {
        "题干": "图片中的人戴着什么颜色的帽子？",
        "A": "橙色",
        "B": "黄色",
        "C": "蓝色",
        "D": "绿色",
        "答案": "A"
    },
    "问题2": {
        "题干": "该人物的制服主要是什么颜色？",
        "A": "红色",
        "B": "蓝色",
        "C": "黄色",
        "D": "绿色",
        "答案": "C"
    },
    "问题3": {
        "题干": "帽子上的装饰物是什么颜色的？",
        "A": "白色",
        "B": "黑色",
        "C": "红色",
        "D": "黄色",
        "答案": "B"
    },
    "问题4": {
        "题干": "该人物当前的状态是？",
        "A": "站立",
        "B": "行走",
        "C": "坐着",
        "D": "躺着",
        "答案": "C"
    },
    "问题5": {
        "题干": "该人物正在看什么？",
        "A": "菜单",
        "B": "手机",
        "C": "电脑",
        "D": "书籍",
        "答案": "B"
    }
}