{
    "问题1": {
        "Question": "局部图像中的塑料袋主要呈现什么颜色？",
        "Answer": "白色、红色、黑色"
    },
    "问题2": {
        "Question": "这些塑料袋的材质是什么？",
        "Answer": "塑料"
    },
    "问题3": {
        "Question": "塑料袋上的图案特征是什么？",
        "Answer": "红色和黑色的条纹图案"
    },
    "问题4": {
        "Question": "塑料袋在局部图像中的状态如何？",
        "Answer": "凌乱堆积"
    }
}