{
    "问题1": {
        "Question": "局部图像中的塑料袋主要由哪两种颜色组成？",
        "Answer": "白色和红色"
    },
    "问题2": {
        "Question": "根据局部图像，塑料袋的材质是什么？",
        "Answer": "塑料"
    },
    "问题3": {
        "Question": "局部图像中的塑料袋状态如何描述？",
        "Answer": "皱褶，装有物品"
    },
    "问题4": {
        "Question": "塑料袋上的图案特征是什么？",
        "Answer": "红色和白色的条纹图案"
    }
}