{
    "问题1": {
        "Question": "展示柜的主要颜色是什么？",
        "Answer": "银色和黑色"
    },
    "问题2": {
        "Question": "展示柜的材质是什么？",
        "Answer": "金属框架，玻璃门"
    },
    "问题3": {
        "Question": "展示柜内的食品状态如何？",
        "Answer": "整齐排列"
    },
    "问题4": {
        "Question": "展示柜上方有什么装置来提升食品的视觉效果？",
        "Answer": "照明灯"
    },
    "问题5": {
        "Question": "展示柜下方悬挂的是什么？",
        "Answer": "塑料袋"
    }
}