{
    "问题1": {
        "题干": "展示柜的主要颜色是什么？",
        "A": "银色和黑色",
        "B": "红色和黄色",
        "C": "蓝色和白色",
        "D": "绿色和棕色",
        "答案": "A"
    },
    "问题2": {
        "题干": "展示柜的材质是什么？",
        "A": "木质框架，塑料门",
        "B": "金属框架，玻璃门",
        "C": "塑料框架，木质门",
        "D": "玻璃框架，金属门",
        "答案": "B"
    },
    "问题3": {
        "题干": "展示柜内的食品状态如何？",
        "A": "杂乱无章，照明昏暗",
        "B": "部分缺失，照明良好",
        "C": "整齐排列，照明良好",
        "D": "整齐排列，照明昏暗",
        "答案": "C"
    },
    "问题4": {
        "题干": "展示柜下方悬挂的是什么？",
        "A": "纸袋",
        "B": "塑料袋",
        "C": "布袋",
        "D": "金属篮",
        "答案": "B"
    },
    "问题5": {
        "题干": "展示柜内包含多少个隔间？",
        "A": "4个",
        "B": "6个",
        "C": "8个",
        "D": "10个",
        "答案": "C"
    }
}