{
    "问题1": {
        "Question": "图片中的人戴着什么颜色的帽子？",
        "Answer": "橙色"
    },
    "问题2": {
        "Question": "这个人正在做什么？",
        "Answer": "低头看手机"
    },
    "问题3": {
        "Question": "帽子上的装饰物是什么颜色的？",
        "Answer": "黑色"
    },
    "问题4": {
        "Question": "这个人的制服主要是什么颜色的？",
        "Answer": "黄色"
    },
    "问题5": {
        "Question": "这个人处于什么状态？",
        "Answer": "坐着"
    }
}