{
    "问题1": {
        "题干": "广告牌的主要颜色是什么？",
        "A": "黄色、红色和白色",
        "B": "蓝色、绿色和黑色",
        "C": "紫色、粉色和橙色",
        "D": "灰色、银色和棕色",
        "答案": "A"
    },
    "问题2": {
        "题干": "广告牌中央的大字是什么颜色的？",
        "A": "红色",
        "B": "黑色",
        "C": "白色",
        "D": "黄色",
        "答案": "C"
    },
    "问题3": {
        "题干": "广告牌右下角的电子屏幕显示内容清晰吗？",
        "A": "非常模糊",
        "B": "部分清晰",
        "C": "显示内容清晰",
        "D": "完全不显示",
        "答案": "C"
    },
    "问题4": {
        "题干": "广告牌展示的食物图片包括哪些类型？",
        "A": "蔬菜和水果",
        "B": "海鲜和饮料",
        "C": "肉类和糕点",
        "D": "坚果和糖果",
        "答案": "C"
    },
    "问题5": {
        "题干": "广告牌的材质看起来是什么？",
        "A": "木质",
        "B": "塑料或金属框架，表面有LED显示屏",
        "C": "布料",
        "D": "玻璃",
        "答案": "B"
    }
}