{
    "问题1": {
        "Question": "广告牌中央的大字是什么颜色的？",
        "Answer": "白色"
    },
    "问题2": {
        "Question": "广告牌下方红色背景上的文字是什么颜色的？",
        "Answer": "白色"
    },
    "问题3": {
        "Question": "广告牌的主要背景颜色是什么？",
        "Answer": "黄色"
    },
    "问题4": {
        "Question": "广告牌右下角的电子屏幕显示内容的颜色主要是？",
        "Answer": "白色"
    },
    "问题5": {
        "Question": "广告牌展示的食物图片中，哪种食物的图片最为显眼？",
        "Answer": "肉类"
    },
    "问题6": {
        "Question": "广告牌的材质看起来更接近于什么？",
        "Answer": "塑料或金属框架"
    },
    "问题7": {
        "Question": "广告牌右上角的小广告贴纸数量大约是多少？",
        "Answer": "多个"
    },
    "问题8": {
        "Question": "广告牌的整体状态如何？",
        "Answer": "开启状态"
    }
}