{
    "问题1": {
        "题干": "局部图像中的手机屏幕被什么覆盖？",
        "A": "透明冰层",
        "B": "塑料薄膜",
        "C": "玻璃罩",
        "D": "布料",
        "答案": "A"
    },
    "问题2": {
        "题干": "局部图像中手机的边框颜色是什么？",
        "A": "银色",
        "B": "金色",
        "C": "黑色",
        "D": "白色",
        "答案": "C"
    },
    "问题3": {
        "题干": "根据局部图像，手机当前的状态是？",
        "A": "正常工作",
        "B": "充电中",
        "C": "非工作状态（被冰冻）",
        "D": "待机模式",
        "答案": "C"
    },
    "问题4": {
        "题干": "局部图像中手机屏幕下的颜色隐约可见，这表明屏幕材质可能是？",
        "A": "金属",
        "B": "塑料",
        "C": "玻璃",
        "D": "橡胶",
        "答案": "C"
    },
    "问题5": {
        "题干": "局部图像中手机的外壳材质最有可能是？",
        "A": "金属",
        "B": "塑料或玻璃",
        "C": "陶瓷",
        "D": "木材",
        "答案": "B"
    }
}