{
    "问题1": {
        "题干": "塑料袋上的红色图案是什么风格的？",
        "A": "卡通形象",
        "B": "抽象艺术",
        "C": "传统花纹",
        "D": "几何图形",
        "答案": "A"
    },
    "问题2": {
        "题干": "塑料袋的主要材质是什么？",
        "A": "纸质",
        "B": "布料",
        "C": "塑料",
        "D": "金属",
        "答案": "C"
    },
    "问题3": {
        "题干": "塑料袋的颜色组合是？",
        "A": "白色（主体）和红色（图案）",
        "B": "蓝色（主体）和黄色（图案）",
        "C": "黑色（主体）和绿色（图案）",
        "D": "粉色（主体）和紫色（图案）",
        "答案": "A"
    },
    "问题4": {
        "题干": "塑料袋的状态如何？",
        "A": "空的，袋子扁平",
        "B": "装有物品，袋子稍微鼓起",
        "C": "破损，有裂口",
        "D": "折叠，未使用",
        "答案": "B"
    },
    "问题5": {
        "题干": "塑料袋上是否有提手？",
        "A": "没有提手",
        "B": "有一个红色提手",
        "C": "有一个黑色提手",
        "D": "有两个蓝色提手",
        "答案": "C"
    }
}