{
    "问题1": {
        "Question": "摩托车的前轮是什么颜色的？",
        "Answer": "黑色"
    },
    "问题2": {
        "Question": "摩托车车身的主要颜色有哪些？",
        "Answer": "白色和红色"
    },
    "问题3": {
        "Question": "摩托车的材质主要由什么构成？",
        "Answer": "金属和塑料"
    },
    "问题4": {
        "Question": "摩托车当前的状态是什么？",
        "Answer": "停放在地面上，似乎有人正在靠近或操作它。"
    },
    "问题5": {
        "Question": "从图片中可以看出摩托车的哪个部分被遮挡了？",
        "Answer": "车身部分"
    }
}