{
    "问题1": {
        "题干": "图片中的人正在使用什么工具清洁地面？",
        "A": "拖把",
        "B": "扫帚",
        "C": "抹布",
        "D": "吸尘器",
        "答案": "A"
    },
    "问题2": {
        "题干": "该人物穿着的上衣颜色是什么？",
        "A": "红色",
        "B": "蓝色",
        "C": "黄色",
        "D": "绿色",
        "答案": "C"
    },
    "问题3": {
        "题干": "该人物佩戴的帽子颜色是什么？",
        "A": "橙色",
        "B": "白色",
        "C": "黑色",
        "D": "灰色",
        "答案": "A"
    },
    "问题4": {
        "题干": "该人物的状态是？",
        "A": "站立不动",
        "B": "坐着休息",
        "C": "弯腰清洁地面",
        "D": "行走中",
        "答案": "C"
    },
    "问题5": {
        "题干": "该人物穿着的裤子颜色是什么？",
        "A": "黑色",
        "B": "蓝色",
        "C": "灰色",
        "D": "白色",
        "答案": "A"
    }
}