{
    "问题1": {
        "题干": "局部图像中的塑料袋封口处有什么特征？",
        "A": "红色条纹",
        "B": "蓝色条纹",
        "C": "绿色条纹",
        "D": "黄色条纹",
        "答案": "A"
    },
    "问题2": {
        "题干": "局部图像中塑料袋内的肉类呈现什么颜色？",
        "A": "绿色",
        "B": "黄色",
        "C": "红色",
        "D": "蓝色",
        "答案": "C"
    },
    "问题3": {
        "题干": "局部图像中的塑料袋材质是什么？",
        "A": "纸质",
        "B": "塑料",
        "C": "金属",
        "D": "布料",
        "答案": "B"
    },
    "问题4": {
        "题干": "局部图像中的塑料袋状态如何？",
        "A": "空的",
        "B": "装有蔬菜",
        "C": "装有肉类",
        "D": "破损的",
        "答案": "C"
    },
    "问题5": {
        "题干": "局部图像中的塑料袋是如何放置的？",
        "A": "单独平放",
        "B": "悬挂起来",
        "C": "堆叠在一起",
        "D": "卷成一团",
        "答案": "C"
    }
}