{
    "问题1": {
        "Question": "局部图像中的cash_register的主要颜色是什么？",
        "Answer": "黑色和银色"
    },
    "问题2": {
        "Question": "cash_register的屏幕显示了什么内容？",
        "Answer": "二维码支付界面"
    },
    "问题3": {
        "Question": "cash_register的材质看起来是由什么组成的？",
        "Answer": "塑料和金属的组合"
    },
    "问题4": {
        "Question": "cash_register当前的状态如何？",
        "Answer": "处于工作状态，屏幕亮着"
    },
    "问题5": {
        "Question": "局部图像中cash_register的外观风格属于哪种类型？",
        "Answer": "现代化的电子收银机"
    }
}