{
    "问题1": {
        "题干": "根据图片描述，摩托车的车身主要颜色是什么？",
        "A": "白色和红色",
        "B": "黑色和蓝色",
        "C": "黄色和绿色",
        "D": "灰色和紫色",
        "答案": "A"
    },
    "问题2": {
        "题干": "摩托车的前轮颜色是？",
        "A": "红色",
        "B": "白色",
        "C": "黑色",
        "D": "黄色",
        "答案": "C"
    },
    "问题3": {
        "题干": "摩托车的材质主要由什么构成？",
        "A": "木材和玻璃",
        "B": "金属和塑料",
        "C": "陶瓷和布料",
        "D": "纸张和橡胶",
        "答案": "B"
    },
    "问题4": {
        "题干": "根据图片描述，摩托车当前的状态是？",
        "A": "正在行驶中",
        "B": "悬挂在空中",
        "C": "停放在地面上",
        "D": "部分浸在水中",
        "答案": "C"
    },
    "问题5": {
        "题干": "有人正在靠近或操作摩托车吗？",
        "A": "是",
        "B": "否",
        "C": "不确定",
        "D": "摩托车自动运行",
        "答案": "A"
    }
}