{
    "问题1": {
        "Question": "图片中正在清洁地面的人穿着什么颜色的上衣？",
        "Answer": "黄色"
    },
    "问题2": {
        "Question": "正在使用拖把清洁地面的人戴着什么颜色的帽子？",
        "Answer": "橙色"
    },
    "问题3": {
        "Question": "清洁地面的人穿着什么颜色的裤子？",
        "Answer": "黑色"
    },
    "问题4": {
        "Question": "图片中清洁地面的人正在使用什么工具？",
        "Answer": "拖把"
    },
    "问题5": {
        "Question": "清洁地面的人鞋子是什么颜色的？",
        "Answer": "黑色"
    }
}