{
    "问题1": {
        "Question": "局部图像中的手机屏幕被什么覆盖？",
        "Answer": "冰层"
    },
    "问题2": {
        "Question": "局部图像中手机的边框颜色是什么？",
        "Answer": "黑色"
    },
    "问题3": {
        "Question": "根据局部图像，手机屏幕的状态如何？",
        "Answer": "非工作状态"
    },
    "问题4": {
        "Question": "局部图像中手机外壳可能由什么材质制成？",
        "Answer": "塑料或玻璃"
    }
}