{
    "问题1": {
        "Question": "局部图像中的塑料袋是什么材质的？",
        "Answer": "塑料"
    },
    "问题2": {
        "Question": "塑料袋内部装有什么物品？",
        "Answer": "肉类"
    },
    "问题3": {
        "Question": "塑料袋的封口处有什么特征？",
        "Answer": "红色的条纹"
    },
    "问题4": {
        "Question": "塑料袋的颜色描述正确的是？",
        "Answer": "透明，内部有红色"
    },
    "问题5": {
        "Question": "这些塑料袋的状态如何？",
        "Answer": "装有肉类，堆叠在一起"
    }
}