{
    "问题1": {
        "Question": "拖把头的主要颜色是什么？",
        "Answer": "灰色"
    },
    "问题2": {
        "Question": "拖把杆的颜色描述为以下哪种？",
        "Answer": "深色"
    },
    "问题3": {
        "Question": "拖把头的材质最可能是以下哪种？",
        "Answer": "棉线或类似纤维材质"
    },
    "问题4": {
        "Question": "拖把杆的材质最可能是以下哪种？",
        "Answer": "木制或塑料"
    },
    "问题5": {
        "Question": "拖把头的形状特征是怎样的？",
        "Answer": "呈扇形展开"
    },
    "问题6": {
        "Question": "拖把的整体状态如何？",
        "Answer": "有些磨损，纤维有些散开"
    }
}