{
    "问题1": {
        "题干": "局部图像中的塑料袋是什么颜色的？",
        "A": "透明",
        "B": "白色",
        "C": "黑色",
        "D": "红色",
        "答案": "A"
    },
    "问题2": {
        "题干": "塑料袋内的衣物数量大约为多少件？",
        "A": "1件",
        "B": "3件",
        "C": "5件",
        "D": "7件",
        "答案": "B"
    },
    "问题3": {
        "题干": "塑料袋的材质是什么？",
        "A": "纸",
        "B": "布",
        "C": "塑料",
        "D": "金属",
        "答案": "C"
    },
    "问题4": {
        "题干": "塑料袋的状态如何描述？",
        "A": "空的",
        "B": "装有液体",
        "C": "装有衣物",
        "D": "破损的",
        "答案": "C"
    },
    "问题5": {
        "题干": "根据局部图像，塑料袋内的衣物颜色主要是什么？",
        "A": "粉色",
        "B": "蓝色",
        "C": "绿色",
        "D": "黄色",
        "答案": "A"
    }
}