{
    "问题1": {
        "题干": "根据局部图像，冰箱的主要颜色是什么？",
        "A": "白色和蓝色",
        "B": "红色和黑色",
        "C": "黄色和绿色",
        "D": "灰色和棕色",
        "答案": "A"
    },
    "问题2": {
        "题干": "冰箱门上的纸或海报主要呈现什么状态？",
        "A": "卷曲且破损",
        "B": "平整且清晰",
        "C": "部分撕裂",
        "D": "完全透明",
        "答案": "B"
    },
    "问题3": {
        "题干": "冰箱的材质最有可能是以下哪种组合？",
        "A": "金属和玻璃",
        "B": "木材和塑料",
        "C": "陶瓷和橡胶",
        "D": "布料和纸张",
        "答案": "A"
    },
    "问题4": {
        "题干": "冰箱门的状态如何？",
        "A": "打开",
        "B": "半开",
        "C": "关闭",
        "D": "损坏",
        "答案": "C"
    },
    "问题5": {
        "题干": "根据局部图像，冰箱的整体状态是否正常？",
        "A": "正常",
        "B": "异常",
        "C": "无法判断",
        "D": "正在维修",
        "答案": "A"
    }
}