{
    "问题1": {
        "Question": "图片中的红色椅子位于哪个位置？",
        "Answer": "画面的中间偏上位置"
    },
    "问题2": {
        "Question": "红色椅子的靠背和坐垫部分的颜色是什么？",
        "Answer": "红色"
    },
    "问题3": {
        "Question": "椅子的材质看起来是什么？",
        "Answer": "木质或类似材质"
    },
    "问题4": {
        "Question": "椅子的整体设计风格是怎样的？",
        "Answer": "传统"
    },
    "问题5": {
        "Question": "椅子的靠背高度如何？",
        "Answer": "较高"
    },
    "问题6": {
        "Question": "椅子的状态如何？",
        "Answer": "完好无损，没有明显的损坏或污渍"
    }
}