{
    "问题1": {
        "Question": "局部图像中的吊灯是什么颜色的？",
        "Answer": "绿色"
    },
    "问题2": {
        "Question": "根据描述，局部图像中的吊灯看起来像什么形象？",
        "Answer": "卡通形象"
    },
    "问题3": {
        "Question": "局部图像中的吊灯位于场景的哪一侧？",
        "Answer": "左侧"
    },
    "问题4": {
        "Question": "局部图像中的吊灯当前处于什么状态？",
        "Answer": "静止"
    }
}