{
    "问题1": {
        "题干": "男性穿着的上衣颜色是什么？",
        "A": "白色",
        "B": "灰色",
        "C": "棕色",
        "D": "红色",
        "答案": "A"
    },
    "问题2": {
        "题干": "女性穿着的上衣颜色是什么？",
        "A": "白色",
        "B": "蓝色",
        "C": "灰色",
        "D": "红色",
        "答案": "C"
    },
    "问题3": {
        "题干": "餐桌的主要材质是什么？",
        "A": "塑料",
        "B": "金属",
        "C": "木质",
        "D": "玻璃",
        "答案": "C"
    },
    "问题4": {
        "题干": "墙壁的颜色是什么？",
        "A": "白色",
        "B": "灰色",
        "C": "红色",
        "D": "蓝色",
        "答案": "C"
    },
    "问题5": {
        "题干": "男性当前的状态是什么？",
        "A": "正在用餐",
        "B": "正在说话",
        "C": "正在等待",
        "D": "正在休息",
        "答案": "A"
    },
    "问题6": {
        "题干": "女性当前的状态是什么？",
        "A": "正在用餐",
        "B": "正在说话",
        "C": "在观察男性",
        "D": "正在休息",
        "答案": "C"
    }
}