{
    "问题1": {
        "Question": "成年人穿着什么颜色的上衣？",
        "Answer": "浅灰色"
    },
    "问题2": {
        "Question": "小孩坐在成年人的哪个部位？",
        "Answer": "肩膀上"
    },
    "问题3": {
        "Question": "成年人脚上穿的是什么类型的鞋子？",
        "Answer": "白色运动鞋"
    },
    "问题4": {
        "Question": "小孩穿着什么材质的羽绒服？",
        "Answer": "羽绒材质"
    },
    "问题5": {
        "Question": "成年人和小孩的整体状态是什么？",
        "Answer": "成年人站立，小孩坐在成年人的肩膀上，似乎在向前看"
    }
}