{
    "问题1": {
        "Question": "球形物体的材质最有可能是什么？",
        "Answer": "玻璃或塑料"
    },
    "问题2": {
        "Question": "黑色管状物体的状态是怎样的？",
        "Answer": "倾斜状态"
    },
    "问题3": {
        "Question": "球形物体的颜色是什么？",
        "Answer": "透明色"
    },
    "问题4": {
        "Question": "黑色管状物体最有可能的材质是什么？",
        "Answer": "塑料或金属"
    }
}