{
    "问题1": {
        "题干": "图片中的椅子坐垫的颜色是什么？",
        "A": "红色",
        "B": "黑色",
        "C": "蓝色",
        "D": "绿色",
        "答案": "A"
    },
    "问题2": {
        "题干": "椅子的框架材质最可能是以下哪种？",
        "A": "塑料",
        "B": "木头",
        "C": "金属",
        "D": "布料",
        "答案": "C"
    },
    "问题3": {
        "题干": "椅子的状态如何？",
        "A": "单独摆放",
        "B": "叠放状态",
        "C": "展开使用",
        "D": "悬挂状态",
        "答案": "B"
    },
    "问题4": {
        "题干": "椅子放置的位置在哪里？",
        "A": "桌子旁边",
        "B": "房间角落",
        "C": "桌子下面",
        "D": "门口附近",
        "答案": "C"
    },
    "问题5": {
        "题干": "椅子的整体风格更接近于哪种类型？",
        "A": "现代简约",
        "B": "工业风",
        "C": "传统中式",
        "D": "北欧风格",
        "答案": "B"
    }
}