{
    "问题1": {
        "题干": "局部图像中的餐桌表面颜色最接近以下哪种描述？",
        "A": "深棕色",
        "B": "浅黄色",
        "C": "亮白色",
        "D": "银灰色",
        "答案": "A"
    },
    "问题2": {
        "题干": "根据局部图像，餐桌上的物品状态如何？",
        "A": "非常整洁，几乎没有物品",
        "B": "完全空置，没有任何物品",
        "C": "有些凌乱，放置了一些物品",
        "D": "极度杂乱，堆满了各种物品",
        "答案": "C"
    },
    "问题3": {
        "题干": "局部图像中餐桌的材质看起来更像哪种材料？",
        "A": "塑料",
        "B": "木质",
        "C": "玻璃",
        "D": "金属",
        "答案": "B"
    },
    "问题4": {
        "题干": "局部图像中餐桌边缘的装饰性花纹主要起到什么作用？",
        "A": "增加结构强度",
        "B": "防水防潮",
        "C": "美观装饰",
        "D": "隔热保温",
        "答案": "C"
    }
}