{
    "问题1": {
        "题干": "局部图像中的sign背景颜色是什么？",
        "A": "蓝色",
        "B": "红色",
        "C": "白色",
        "D": "黄色",
        "答案": "A"
    },
    "问题2": {
        "题干": "局部图像中的sign上的文字颜色是？",
        "A": "红色",
        "B": "蓝色",
        "C": "黑色",
        "D": "白色",
        "答案": "C"
    },
    "问题3": {
        "题干": "局部图像中的sign材质看起来更像什么？",
        "A": "金属",
        "B": "木质",
        "C": "纸质或塑料",
        "D": "玻璃",
        "答案": "C"
    },
    "问题4": {
        "题干": "局部图像中的sign右下角有什么特征？",
        "A": "一个方形的标记",
        "B": "没有任何标记",
        "C": "一个圆形的印章或标记",
        "D": "一些装饰图案",
        "答案": "C"
    },
    "问题5": {
        "题干": "局部图像中的sign整体状态如何？",
        "A": "崭新无损",
        "B": "有些旧",
        "C": "破损严重",
        "D": "色彩鲜艳",
        "答案": "B"
    }
}