{
    "问题1": {
        "题干": "图片中的红色椅子靠背部分的颜色是？",
        "A": "红色",
        "B": "棕色",
        "C": "黑色",
        "D": "黄色",
        "答案": "A"
    },
    "问题2": {
        "题干": "根据描述，红色椅子的材质看起来是什么？",
        "A": "塑料",
        "B": "金属",
        "C": "木质或类似材质",
        "D": "布艺",
        "答案": "C"
    },
    "问题3": {
        "题干": "红色椅子的整体设计风格属于哪种类型？",
        "A": "现代简约",
        "B": "北欧风",
        "C": "传统风格",
        "D": "工业风",
        "答案": "C"
    },
    "问题4": {
        "题干": "红色椅子的靠背高度如何？",
        "A": "非常低",
        "B": "中等",
        "C": "较高",
        "D": "无法判断",
        "答案": "C"
    },
    "问题5": {
        "题干": "关于红色椅子的状态，以下哪个描述最准确？",
        "A": "有明显损坏",
        "B": "有污渍",
        "C": "完好无损",
        "D": "部分破损",
        "答案": "C"
    }
}