{
    "问题1": {
        "题干": "柜台的主要材质是什么？",
        "A": "木质",
        "B": "金属",
        "C": "塑料",
        "D": "玻璃",
        "答案": "A"
    },
    "问题2": {
        "题干": "柜子的正面装饰有什么特征？",
        "A": "光滑无装饰",
        "B": "现代简约风格",
        "C": "镂空花纹装饰",
        "D": "彩色图案",
        "答案": "C"
    },
    "问题3": {
        "题干": "柜子顶部放置了什么物品？",
        "A": "书籍",
        "B": "一些物品",
        "C": "植物",
        "D": "电子设备",
        "答案": "B"
    },
    "问题4": {
        "题干": "柜子右侧的结构是什么样的？",
        "A": "金属支架",
        "B": "玻璃隔板",
        "C": "木质梯子状结构",
        "D": "塑料框架",
        "答案": "C"
    },
    "问题5": {
        "题干": "柜子的整体颜色是什么？",
        "A": "棕色",
        "B": "白色",
        "C": "黑色",
        "D": "红色",
        "答案": "A"
    }
}