{
    "问题1": {
        "题干": "图片中的椅子主要采用什么材质制成？",
        "A": "木头",
        "B": "塑料",
        "C": "金属",
        "D": "布艺",
        "答案": "A"
    },
    "问题2": {
        "题干": "椅子的颜色是什么？",
        "A": "蓝色",
        "B": "棕色",
        "C": "白色",
        "D": "黑色",
        "答案": "B"
    },
    "问题3": {
        "题干": "椅子的状态如何？",
        "A": "破损",
        "B": "陈旧",
        "C": "完好",
        "D": "翻新",
        "答案": "C"
    },
    "问题4": {
        "题干": "椅子的椅背上有何种装饰？",
        "A": "现代简约图案",
        "B": "抽象艺术设计",
        "C": "装饰性雕刻",
        "D": "无任何装饰",
        "答案": "C"
    },
    "问题5": {
        "题干": "根据图片，椅子的风格属于哪种类型？",
        "A": "现代风格",
        "B": "工业风格",
        "C": "传统风格",
        "D": "北欧风格",
        "答案": "C"
    }
}