{
    "问题1": {
        "题干": "图片中的dining_table的主要材质是什么？",
        "A": "木质",
        "B": "金属",
        "C": "塑料",
        "D": "玻璃",
        "答案": "A"
    },
    "问题2": {
        "题干": "dining_table上的物品摆放状态如何？",
        "A": "杂乱无章",
        "B": "空无一物",
        "C": "整洁，有一些物品摆放",
        "D": "完全被覆盖",
        "答案": "C"
    },
    "问题3": {
        "题干": "dining_table的颜色是哪种？",
        "A": "棕色",
        "B": "白色",
        "C": "黑色",
        "D": "蓝色",
        "答案": "A"
    },
    "问题4": {
        "题干": "根据图片，dining_table的风格更接近于哪种类型？",
        "A": "现代简约",
        "B": "中式传统",
        "C": "北欧风",
        "D": "工业风",
        "答案": "B"
    }
}