{
    "问题1": {
        "Question": "局部图像中的年长女性穿着什么颜色的马甲？",
        "Answer": "灰色"
    },
    "问题2": {
        "Question": "局部图像中年长女性的头发颜色是什么？",
        "Answer": "黑色"
    },
    "问题3": {
        "Question": "局部图像中年长女性的右手放在哪里？",
        "Answer": "桌子上"
    },
    "问题4": {
        "Question": "局部图像背景中另一位人物穿着什么颜色的裤子？",
        "Answer": "蓝色"
    },
    "问题5": {
        "Question": "局部图像中的年长女性似乎在做什么？",
        "Answer": "与人交谈或进行某种互动"
    }
}