{
    "问题1": {
        "题干": "这把中式椅子的主要材质是什么？",
        "A": "木质",
        "B": "金属",
        "C": "塑料",
        "D": "藤编",
        "答案": "A"
    },
    "问题2": {
        "题干": "这把椅子的颜色是？",
        "A": "浅黄色",
        "B": "深棕色",
        "C": "红色",
        "D": "黑色",
        "答案": "B"
    },
    "问题3": {
        "题干": "椅子的椅背顶部有什么装饰？",
        "A": "直线装饰",
        "B": "方形装饰",
        "C": "弧形装饰",
        "D": "无装饰",
        "答案": "C"
    },
    "问题4": {
        "题干": "这把椅子的状态如何？",
        "A": "破损",
        "B": "老旧",
        "C": "完好",
        "D": "正在维修",
        "答案": "C"
    },
    "问题5": {
        "题干": "椅子的风格属于哪种类型？",
        "A": "现代简约",
        "B": "欧式古典",
        "C": "中式传统",
        "D": "北欧风格",
        "答案": "C"
    }
}