{
    "问题1": {
        "题干": "目标物体的材质是什么？",
        "A": "玻璃",
        "B": "塑料",
        "C": "陶瓷",
        "D": "金属",
        "答案": "A"
    },
    "问题2": {
        "题干": "杯子的上半部分边缘颜色为？",
        "A": "蓝色",
        "B": "绿色",
        "C": "粉红色",
        "D": "黄色",
        "答案": "C"
    },
    "问题3": {
        "题干": "杯子中的液体状态如何？",
        "A": "空的",
        "B": "全满",
        "C": "半满",
        "D": "溢出",
        "答案": "C"
    },
    "问题4": {
        "题干": "杯子的整体颜色描述正确的是？",
        "A": "完全透明",
        "B": "透明，带有粉红色边缘",
        "C": "纯粉红色",
        "D": "不透明",
        "答案": "B"
    }
}