{
    "问题1": {
        "题干": "椅子靠背部分的花纹装饰主要是什么风格？",
        "A": "传统中式风格",
        "B": "现代简约风格",
        "C": "欧式古典风格",
        "D": "北欧极简风格",
        "答案": "A"
    },
    "问题2": {
        "题干": "椅子腿部分的条纹设计的颜色是？",
        "A": "金色",
        "B": "白色",
        "C": "深色（与椅子主体颜色相近）",
        "D": "红色",
        "答案": "C"
    },
    "问题3": {
        "题干": "椅子的整体材质看起来更接近于以下哪种？",
        "A": "纯木制",
        "B": "金属框架配布艺坐垫",
        "C": "布料或织物",
        "D": "塑料",
        "答案": "C"
    },
    "问题4": {
        "题干": "根据图片，椅子的状态是？",
        "A": "倒置放置",
        "B": "倾斜靠墙",
        "C": "站立放置",
        "D": "坐在上面",
        "答案": "C"
    },
    "问题5": {
        "题干": "椅子的颜色主要是？",
        "A": "浅色系",
        "B": "亮色系",
        "C": "深色系",
        "D": "多彩系",
        "答案": "C"
    }
}