{
    "问题1": {
        "题干": "局部图像中的碗的主要材质是什么？",
        "A": "陶瓷",
        "B": "塑料",
        "C": "金属",
        "D": "玻璃",
        "答案": "A"
    },
    "问题2": {
        "题干": "局部图像中碗内的液体表面有何特征？",
        "A": "完全平静无反光",
        "B": "有明显的气泡",
        "C": "有反射光",
        "D": "液体颜色为深色",
        "答案": "C"
    },
    "问题3": {
        "题干": "局部图像中的碗的颜色是？",
        "A": "深灰色",
        "B": "浅灰色",
        "C": "白色",
        "D": "黄色",
        "答案": "B"
    },
    "问题4": {
        "题干": "根据局部图像，碗的状态描述正确的是？",
        "A": "空碗",
        "B": "装有固体食物",
        "C": "装有液体，表面有反光",
        "D": "倒置的碗",
        "答案": "C"
    }
}