{
    "问题1": {
        "Question": "局部图像中的人物穿着什么颜色的迷彩服？",
        "Answer": "绿色、棕色和黑色相间的迷彩图案"
    },
    "问题2": {
        "Question": "局部图像中的人物佩戴的护目镜主要由什么材质制成？",
        "Answer": "塑料或类似材质"
    },
    "问题3": {
        "Question": "局部图像中的人物正在进行什么状态的活动？",
        "Answer": "低头专注地进行某项任务"
    },
    "问题4": {
        "Question": "局部图像中的人物所穿迷彩服的材质是什么？",
        "Answer": "布料材质"
    }
}