{
    "问题1": {
        "题干": "垃圾桶的盖子状态是？",
        "A": "打开",
        "B": "关闭",
        "C": "半开",
        "D": "缺失",
        "答案": "A"
    },
    "问题2": {
        "题干": "告示牌的颜色是？",
        "A": "蓝色",
        "B": "黄色",
        "C": "红色",
        "D": "绿色",
        "答案": "C"
    },
    "问题3": {
        "题干": "垃圾桶的主要材质是什么？",
        "A": "木质",
        "B": "金属",
        "C": "塑料",
        "D": "玻璃",
        "答案": "B"
    },
    "问题4": {
        "题干": "告示牌插在垃圾桶的哪个部位？",
        "A": "侧面",
        "B": "底部",
        "C": "盖子上",
        "D": "内部",
        "答案": "C"
    },
    "问题5": {
        "题干": "垃圾桶的整体颜色是？",
        "A": "黑色",
        "B": "白色",
        "C": "红色",
        "D": "银色",
        "答案": "A"
    }
}