{
    "问题1": {
        "题干": "局部图像中，右边人物所戴帽子的颜色是？",
        "A": "深色",
        "B": "浅色",
        "C": "红色",
        "D": "白色",
        "答案": "A"
    },
    "问题2": {
        "题干": "局部图像中，桌子上杯子的材质最可能是？",
        "A": "金属",
        "B": "塑料",
        "C": "陶瓷",
        "D": "玻璃",
        "答案": "C"
    },
    "问题3": {
        "题干": "局部图像中，两个人物的状态描述正确的是？",
        "A": "正在激烈争吵",
        "B": "表情严肃，专注工作",
        "C": "表情轻松，似乎在交谈",
        "D": "低头各自忙碌，无互动",
        "答案": "C"
    },
    "问题4": {
        "题干": "局部图像中，左边人物的衣服颜色是？",
        "A": "浅色",
        "B": "深色",
        "C": "红色",
        "D": "黄色",
        "答案": "B"
    },
    "问题5": {
        "题干": "局部图像中，桌子上除了杯子和纸张外，还可以看到什么物品？",
        "A": "手机",
        "B": "笔记本电脑",
        "C": "眼镜",
        "D": "笔",
        "答案": "D"
    }
}