{
    "问题1": {
        "题干": "球形物体的材质最有可能是什么？",
        "A": "玻璃或塑料",
        "B": "金属",
        "C": "木材",
        "D": "布料",
        "答案": "A"
    },
    "问题2": {
        "题干": "黑色管状物体的状态是怎样的？",
        "A": "垂直放置",
        "B": "水平放置",
        "C": "倾斜状态",
        "D": "弯曲状态",
        "答案": "C"
    },
    "问题3": {
        "题干": "球形物体的颜色描述正确的是？",
        "A": "透明色",
        "B": "红色",
        "C": "蓝色",
        "D": "黑色",
        "答案": "A"
    },
    "问题4": {
        "题干": "黑色管状物体最有可能的材质是什么？",
        "A": "陶瓷",
        "B": "塑料或金属",
        "C": "玻璃",
        "D": "纸张",
        "答案": "B"
    },
    "问题5": {
        "题干": "球形物体内部的状态描述正确的是？",
        "A": "空的",
        "B": "有固体物质",
        "C": "有液体或某种物质",
        "D": "有气体",
        "答案": "C"
    }
}