{
    "问题1": {
        "Question": "椅子的靠背和座位部分是什么颜色的？",
        "Answer": "深色"
    },
    "问题2": {
        "Question": "椅子的材质最有可能是什么？",
        "Answer": "木质或塑料"
    },
    "问题3": {
        "Question": "椅子的靠背部分是否有明显的支撑结构？",
        "Answer": "有"
    },
    "问题4": {
        "Question": "椅子的状态如何？",
        "Answer": "静止，没有明显的损坏或使用痕迹"
    }
}