{
    "问题1": {
        "题干": "图片中的女性穿着什么颜色的衣服？",
        "A": "深色衣服，白色领子",
        "B": "浅色衣服，蓝色领子",
        "C": "红色衣服，黑色领子",
        "D": "绿色衣服，黄色领子",
        "答案": "A"
    },
    "问题2": {
        "题干": "图片中的女性头发的长度如何？",
        "A": "长发",
        "B": "中长发",
        "C": "短发",
        "D": "扎成马尾",
        "答案": "C"
    },
    "问题3": {
        "题干": "图片中的女性当前的状态是什么？",
        "A": "抬头微笑",
        "B": "侧身交谈",
        "C": "低头专注",
        "D": "站立行走",
        "答案": "C"
    },
    "问题4": {
        "题干": "图片中的女性衣服材质看起来是什么？",
        "A": "皮革",
        "B": "丝绸",
        "C": "布料",
        "D": "金属",
        "答案": "C"
    },
    "问题5": {
        "题干": "图片中的女性衣服领子的颜色是什么？",
        "A": "红色",
        "B": "白色",
        "C": "蓝色",
        "D": "黄色",
        "答案": "B"
    }
}