{
    "问题1": {
        "Question": "局部图像中的dining_table上放置的书籍和物品主要呈现什么颜色？",
        "Answer": "棕色和黄色"
    },
    "问题2": {
        "Question": "根据描述，局部图像中的dining_table的材质是什么？",
        "Answer": "木质"
    },
    "问题3": {
        "Question": "局部图像中的dining_table上的状态如何描述？",
        "Answer": "杂乱"
    },
    "问题4": {
        "Question": "在局部图像中，dining_table上的书籍和物品摆放得整齐吗？",
        "Answer": "不整齐"
    }
}