{
    "问题1": {
        "Question": "局部图像中的筷子是什么颜色的？",
        "Answer": "黑色"
    },
    "问题2": {
        "Question": "根据局部图像，这双筷子最可能由什么材质制成？",
        "Answer": "塑料或陶瓷"
    },
    "问题3": {
        "Question": "局部图像中的筷子处于什么状态？",
        "Answer": "静止"
    },
    "问题4": {
        "Question": "在局部图像中，筷子旁边的食物看起来主要是哪种类型？",
        "Answer": "黄色条状食物（如炸物）"
    }
}