{
    "问题1": {
        "题干": "餐桌上蓝色盘子中的食物是什么状态？",
        "A": "大部分已被吃掉",
        "B": "完全未动",
        "C": "刚刚上桌",
        "D": "已经吃完",
        "答案": "A"
    },
    "问题2": {
        "题干": "餐桌上的红色汤碗位于哪个位置？",
        "A": "靠近桌子的左上角",
        "B": "在桌子的中央",
        "C": "靠近桌子的右下角",
        "D": "在桌子的边缘",
        "答案": "A"
    },
    "问题3": {
        "题干": "餐桌的材质最可能是以下哪种？",
        "A": "纯木质",
        "B": "玻璃或光滑塑料",
        "C": "金属",
        "D": "石材",
        "答案": "B"
    },
    "问题4": {
        "题干": "餐桌上散落的餐具包括哪些？",
        "A": "只有筷子",
        "B": "筷子和小碟子",
        "C": "筷子、小碟子和杯子",
        "D": "筷子、小碟子、杯子和碗",
        "答案": "D"
    },
    "问题5": {
        "题干": "餐桌的整体状态表明什么？",
        "A": "还未开始用餐",
        "B": "正在准备上菜",
        "C": "已经用餐过，部分食物被吃掉",
        "D": "清理完毕，等待下一波客人",
        "答案": "C"
    }
}