{
    "问题1": {
        "Question": "图片中的椅子属于哪种风格？",
        "Answer": "传统中式风格"
    },
    "问题2": {
        "Question": "椅子的主要颜色是什么？",
        "Answer": "红色和金色"
    },
    "问题3": {
        "Question": "椅子的材质是什么？",
        "Answer": "木质"
    },
    "问题4": {
        "Question": "椅子的椅背高度如何？",
        "Answer": "较高"
    },
    "问题5": {
        "Question": "椅子的状态如何？",
        "Answer": "完好"
    },
    "问题6": {
        "Question": "椅子上有无装饰图案？",
        "Answer": "有"
    }
}