{
    "问题1": {
        "Question": "局部图像中的玻璃杯装有什么？",
        "Answer": "水和冰块"
    },
    "问题2": {
        "Question": "局部图像中的玻璃杯材质是什么？",
        "Answer": "玻璃"
    },
    "问题3": {
        "Question": "局部图像中的玻璃杯颜色是什么？",
        "Answer": "透明"
    },
    "问题4": {
        "Question": "局部图像中的玻璃杯状态如何描述？",
        "Answer": "装有水和冰块"
    }
}