{
    "问题1": {
        "题干": "局部图像中的napkin是什么颜色的？",
        "A": "白色",
        "B": "红色",
        "C": "黄色",
        "D": "蓝色",
        "答案": "A"
    },
    "问题2": {
        "题干": "局部图像中的napkin处于什么状态？",
        "A": "随意放置",
        "B": "部分展开",
        "C": "折叠整齐",
        "D": "完全展开",
        "答案": "C"
    },
    "问题3": {
        "题干": "局部图像中的napkin放置在什么颜色的背景上？",
        "A": "白色",
        "B": "黑色",
        "C": "红色",
        "D": "绿色",
        "答案": "C"
    },
    "问题4": {
        "题干": "局部图像中的napkin的材质是什么？",
        "A": "塑料",
        "B": "纸",
        "C": "布",
        "D": "金属",
        "答案": "B"
    }
}