{
    "问题1": {
        "Question": "局部图像中的dining_table主要由什么材质制成？",
        "Answer": "木质"
    },
    "问题2": {
        "Question": "局部图像中的dining_table的颜色组合是什么？",
        "Answer": "棕色和红色"
    },
    "问题3": {
        "Question": "局部图像中的dining_table上的状态如何描述？",
        "Answer": "整洁，上面有一些物品摆放"
    },
    "问题4": {
        "Question": "局部图像中的dining_table位于画面的哪个部分？",
        "Answer": "上部"
    }
}