{
    "问题1": {
        "Question": "局部图像中左边人物的衣服颜色是什么？",
        "Answer": "深色"
    },
    "问题2": {
        "Question": "右边人物头上戴着什么？",
        "Answer": "帽子"
    },
    "问题3": {
        "Question": "桌子上可见的杯子最有可能是由什么材质制成的？",
        "Answer": "塑料或陶瓷"
    },
    "问题4": {
        "Question": "两个人物之间的互动状态看起来如何？",
        "Answer": "轻松"
    }
}