{
    "问题1": {
        "Question": "局部图像中的碗里装的是什么颜色的液体？",
        "Answer": "黄色"
    },
    "问题2": {
        "Question": "根据描述，局部图像中的碗是由什么材质制成的？",
        "Answer": "陶瓷"
    },
    "问题3": {
        "Question": "局部图像中液体表面的状态如何？",
        "Answer": "液体表面有反光"
    },
    "问题4": {
        "Question": "在全图中，哪位顾客正在使用与局部图像中相似的碗？",
        "Answer": "穿白色衣服的服务员旁边的顾客"
    }
}