{
    "问题1": {
        "题干": "装饰画中展示的三道菜品分别是哪些？",
        "A": "北京豆汁、焦圈和老北京炸酱面",
        "B": "北京烤鸭、焦圈和老北京炸酱面",
        "C": "北京豆汁、煎饼和老北京炸酱面",
        "D": "北京豆汁、焦圈和老北京炒肝",
        "答案": "A"
    },
    "问题2": {
        "题干": "装饰画的主要颜色是什么？",
        "A": "蓝色和绿色",
        "B": "红色和黄色",
        "C": "棕色和米色",
        "D": "黑色和白色",
        "答案": "C"
    },
    "问题3": {
        "题干": "装饰画看起来是用什么材质制作的？",
        "A": "木质",
        "B": "金属",
        "C": "印刷在玻璃或塑料上",
        "D": "布料",
        "答案": "C"
    },
    "问题4": {
        "题干": "装饰画的状态如何？",
        "A": "有明显的损坏",
        "B": "陈旧且褪色",
        "C": "干净整洁，没有明显的损坏",
        "D": "部分缺失",
        "答案": "C"
    },
    "问题5": {
        "题干": "装饰画中的食物图片色彩如何？",
        "A": "单一且暗淡",
        "B": "色彩丰富",
        "C": "完全黑白",
        "D": "模糊不清",
        "答案": "B"
    }
}