{
    "问题1": {
        "Question": "屏风上的主要背景颜色是什么？",
        "Answer": "红色"
    },
    "问题2": {
        "Question": "屏风上印有的文字“小吊梨汤”和“欢迎光临”属于哪种风格的文字设计？",
        "Answer": "传统书法风格"
    },
    "问题3": {
        "Question": "屏风的材质看起来更接近于什么？",
        "Answer": "纸质或布质"
    },
    "问题4": {
        "Question": "屏风在餐厅中的状态是怎样的？",
        "Answer": "竖立状态，完好无损"
    },
    "问题5": {
        "Question": "屏风的主要功能除了装饰外，还有什么作用？",
        "Answer": "分隔餐厅的不同区域"
    }
}