{
    "问题1": {
        "Question": "图片中的dining_table是什么材质的？",
        "Answer": "木质"
    },
    "问题2": {
        "Question": "dining_table的颜色是什么？",
        "Answer": "棕色"
    },
    "问题3": {
        "Question": "dining_table上的状态如何描述？",
        "Answer": "整洁，上面有一些物品摆放"
    },
    "问题4": {
        "Question": "在dining_table上可以看到哪些类型的物品？",
        "Answer": "餐具和食物"
    }
}