{
    "问题1": {
        "Question": "局部图像中的女性正在做什么？",
        "Answer": "正在使用手机通话"
    },
    "问题2": {
        "Question": "局部图像中女性的头带颜色是什么？",
        "Answer": "深色"
    },
    "问题3": {
        "Question": "局部图像中女性的上衣材质最可能是以下哪种？",
        "Answer": "普通衣物材质"
    },
    "问题4": {
        "Question": "局部图像中女性的表情状态如何？",
        "Answer": "专注"
    }
}