{
    "问题1": {
        "题干": "图片中的椅子框架主要由什么材质制成？",
        "A": "金属",
        "B": "塑料",
        "C": "纯木质",
        "D": "玻璃",
        "答案": "A"
    },
    "问题2": {
        "题干": "椅子的座面是什么颜色的？",
        "A": "蓝色",
        "B": "棕色",
        "C": "白色",
        "D": "绿色",
        "答案": "B"
    },
    "问题3": {
        "题干": "椅子的状态如何？",
        "A": "倾斜放置",
        "B": "倒在地上",
        "C": "直立放置",
        "D": "部分损坏",
        "答案": "C"
    },
    "问题4": {
        "题干": "椅子的风格更接近于哪种类型？",
        "A": "现代简约",
        "B": "工业风",
        "C": "传统中式",
        "D": "北欧风格",
        "答案": "B"
    },
    "问题5": {
        "题干": "椅子的座面材质是什么？",
        "A": "金属",
        "B": "塑料",
        "C": "木质",
        "D": "布艺",
        "答案": "C"
    }
}