{
    "问题1": {
        "题干": "局部图像中的植物主要呈现什么颜色？",
        "A": "绿色和白色",
        "B": "红色和黄色",
        "C": "蓝色和紫色",
        "D": "黑色和灰色",
        "答案": "A"
    },
    "问题2": {
        "题干": "根据局部图像，植物顶部的白色斑点最有可能是什么？",
        "A": "病虫害",
        "B": "花朵或果实",
        "C": "人工装饰",
        "D": "叶子的反光",
        "答案": "B"
    },
    "问题3": {
        "题干": "局部图像中的植物材质看起来如何？",
        "A": "坚硬如石",
        "B": "柔软如叶",
        "C": "金属质感",
        "D": "塑料质感",
        "答案": "B"
    },
    "问题4": {
        "题干": "从局部图像判断，这株植物的状态如何？",
        "A": "枯萎凋零",
        "B": "生长茂盛",
        "C": "刚刚发芽",
        "D": "即将凋谢",
        "答案": "B"
    }
}