{
    "问题1": {
        "题干": "局部图像中的椅子靠背和扶手的颜色是什么？",
        "A": "深红色",
        "B": "浅黄色",
        "C": "黑色",
        "D": "蓝色",
        "答案": "A"
    },
    "问题2": {
        "题干": "根据局部图像，这把椅子的材质最可能是以下哪种？",
        "A": "塑料",
        "B": "皮革",
        "C": "布艺",
        "D": "木质",
        "答案": "B"
    },
    "问题3": {
        "题干": "从局部图像来看，这把椅子的状态如何？",
        "A": "破损",
        "B": "老旧",
        "C": "完好",
        "D": "变形",
        "答案": "C"
    },
    "问题4": {
        "题干": "局部图像中的椅子设计风格更接近于哪种类型？",
        "A": "现代简约",
        "B": "古典中式",
        "C": "北欧风",
        "D": "工业风",
        "答案": "B"
    },
    "问题5": {
        "题干": "在局部图像中，椅子的哪个部分最为明显？",
        "A": "椅腿",
        "B": "坐垫",
        "C": "靠背和扶手",
        "D": "椅背顶部",
        "答案": "C"
    }
}