{
    "问题1": {
        "题干": "台灯的灯罩是什么颜色的？",
        "A": "红色",
        "B": "金色",
        "C": "灰色",
        "D": "白色",
        "答案": "A"
    },
    "问题2": {
        "题干": "台灯的灯座和灯柱的颜色是？",
        "A": "红色",
        "B": "灰色",
        "C": "金色",
        "D": "白色",
        "答案": "C"
    },
    "问题3": {
        "题干": "台灯放置在什么容器中？",
        "A": "玻璃杯",
        "B": "塑料盒",
        "C": "灰色的碗",
        "D": "金属盘",
        "答案": "C"
    },
    "问题4": {
        "题干": "台灯当前的状态是？",
        "A": "开启状态",
        "B": "闪烁状态",
        "C": "关闭状态",
        "D": "损坏状态",
        "答案": "C"
    },
    "问题5": {
        "题干": "灯罩的材质最可能是以下哪种？",
        "A": "金属",
        "B": "布料或塑料",
        "C": "玻璃",
        "D": "陶瓷",
        "答案": "B"
    }
}