{
    "问题1": {
        "Question": "局部图像中的napkin是什么颜色的？",
        "Answer": "白色"
    },
    "问题2": {
        "Question": "局部图像中的napkin放置在什么颜色的背景上？",
        "Answer": "红色"
    },
    "问题3": {
        "Question": "局部图像中的napkin的状态如何？",
        "Answer": "折叠整齐"
    },
    "问题4": {
        "Question": "局部图像中的napkin是由什么材质制成的？",
        "Answer": "纸"
    }
}