{
    "问题1": {
        "Question": "图片中的dining_table主要呈现什么颜色？",
        "Answer": "棕色"
    },
    "问题2": {
        "Question": "dining_table的材质是什么？",
        "Answer": "木质"
    },
    "问题3": {
        "Question": "dining_table上的状态如何描述？",
        "Answer": "整洁，上面放置了一些红色的物品和盘子。"
    },
    "问题4": {
        "Question": "在dining_table上可以看到哪些类型的物品？",
        "Answer": "餐具和一些红色物品"
    }
}