{
    "问题1": {
        "题干": "局部图像中的人物穿着什么颜色的上衣？",
        "A": "深色",
        "B": "浅色",
        "C": "红色",
        "D": "白色",
        "答案": "A"
    },
    "问题2": {
        "题干": "局部图像中的人物头发长度如何？",
        "A": "长发",
        "B": "中长发",
        "C": "短发",
        "D": "无发",
        "答案": "C"
    },
    "问题3": {
        "题干": "局部图像中的人物当前状态是什么？",
        "A": "站立",
        "B": "行走",
        "C": "坐着或低头看东西",
        "D": "躺着",
        "答案": "C"
    },
    "问题4": {
        "题干": "局部图像中的人物位于全图的哪个区域？",
        "A": "餐厅入口处",
        "B": "靠近窗户的位置",
        "C": "餐桌旁",
        "D": "厨房附近",
        "答案": "C"
    }
}