{
    "问题1": {
        "Question": "局部图像中的人穿着什么颜色的上衣？",
        "Answer": "迷彩绿色和棕色"
    },
    "问题2": {
        "Question": "局部图像中的人正在做什么活动？",
        "Answer": "专注地进行某项任务"
    },
    "问题3": {
        "Question": "局部图像中的人上衣材质看起来是什么？",
        "Answer": "布料"
    },
    "问题4": {
        "Question": "局部图像中的人是否戴着眼镜？",
        "Answer": "是"
    }
}