{
    "问题1": {
        "Question": "局部图像中的植物叶片主要呈现什么颜色？",
        "Answer": "绿色"
    },
    "问题2": {
        "Question": "根据局部图像，植物的叶片形态可以描述为哪种类型？",
        "Answer": "羽状复叶"
    },
    "问题3": {
        "Question": "局部图像中的植物看起来生长状态如何？",
        "Answer": "生长良好，叶片繁茂"
    },
    "问题4": {
        "Question": "局部图像中植物的材质看起来是什么样的？",
        "Answer": "叶子看起来是真叶，可能是某种观叶植物"
    }
}