{
    "问题1": {
        "题干": "根据局部图像，这位女性正在做什么？",
        "A": "使用手机通话",
        "B": "阅读书籍",
        "C": "吃东西",
        "D": "观看电视",
        "答案": "A"
    },
    "问题2": {
        "题干": "这位女性的头带颜色是？",
        "A": "浅色",
        "B": "白色",
        "C": "深色",
        "D": "彩色",
        "答案": "C"
    },
    "问题3": {
        "题干": "这位女性穿着的上衣材质最可能是？",
        "A": "丝绸",
        "B": "皮革",
        "C": "普通衣物材质",
        "D": "金属",
        "答案": "C"
    },
    "问题4": {
        "题干": "这位女性在通话时的表情如何？",
        "A": "微笑",
        "B": "愤怒",
        "C": "专注",
        "D": "惊讶",
        "答案": "C"
    },
    "问题5": {
        "题干": "背景环境看起来在哪里？",
        "A": "室外广场",
        "B": "室内场所",
        "C": "海滩",
        "D": "森林",
        "答案": "B"
    }
}