{
    "问题1": {
        "题干": "屏风上的主要背景颜色是什么？",
        "A": "红色",
        "B": "黄色",
        "C": "蓝色",
        "D": "绿色",
        "答案": "A"
    },
    "问题2": {
        "题干": "屏风上印有的文字“小吊梨汤”和“欢迎光临”属于哪种风格？",
        "A": "现代简约",
        "B": "传统书法",
        "C": "卡通可爱",
        "D": "抽象艺术",
        "答案": "B"
    },
    "问题3": {
        "题干": "屏风的材质看起来更接近于以下哪种？",
        "A": "木质",
        "B": "纸质或布质",
        "C": "金属",
        "D": "塑料",
        "答案": "B"
    },
    "问题4": {
        "题干": "屏风在餐厅中的状态是？",
        "A": "折叠状态",
        "B": "平躺状态",
        "C": "竖立状态",
        "D": "悬挂状态",
        "答案": "C"
    },
    "问题5": {
        "题干": "屏风的主要功能是什么？",
        "A": "作为装饰品",
        "B": "分隔餐厅区域",
        "C": "提供照明",
        "D": "存放餐具",
        "答案": "B"
    }
}