{
    "问题1": {
        "Question": "图片中的人物穿着什么颜色的外套？",
        "Answer": "红色"
    },
    "问题2": {
        "Question": "人物的外套材质看起来是什么样的？",
        "Answer": "布料材质"
    },
    "问题3": {
        "Question": "人物坐在桌子前正在做什么？",
        "Answer": "可能在写字或操作什么"
    },
    "问题4": {
        "Question": "人物的头发状态如何？",
        "Answer": "较长，披散在肩上"
    },
    "问题5": {
        "Question": "人物相对于镜头的位置是怎样的？",
        "Answer": "背对镜头"
    }
}