{
    "问题1": {
        "题干": "椅子的主要颜色是什么？",
        "A": "红色",
        "B": "蓝色",
        "C": "黄色",
        "D": "绿色",
        "答案": "A"
    },
    "问题2": {
        "题干": "椅子的框架部分是由什么材质制成的？",
        "A": "塑料",
        "B": "金属",
        "C": "木质",
        "D": "玻璃",
        "答案": "C"
    },
    "问题3": {
        "题干": "椅子的状态如何？",
        "A": "破损不堪",
        "B": "有物品摆放",
        "C": "干净整洁，无物品摆放",
        "D": "潮湿脏乱",
        "答案": "C"
    },
    "问题4": {
        "题干": "椅子的腿有何特点？",
        "A": "弯曲设计",
        "B": "交叉结构",
        "C": "直立稳固",
        "D": "可调节高度",
        "答案": "C"
    },
    "问题5": {
        "题干": "椅子的靠背和坐垫部分的颜色是？",
        "A": "蓝色",
        "B": "红色",
        "C": "黑色",
        "D": "白色",
        "答案": "B"
    }
}