{
    "问题1": {
        "题干": "局部图像中的植物叶片形状描述正确的是？",
        "A": "叶片细长，呈羽状复叶",
        "B": "叶片宽大，呈掌状",
        "C": "叶片短小，呈针状",
        "D": "叶片圆形，呈簇状",
        "答案": "A"
    },
    "问题2": {
        "题干": "局部图像中植物的颜色主要为？",
        "A": "红色",
        "B": "黄色",
        "C": "绿色",
        "D": "紫色",
        "答案": "C"
    },
    "问题3": {
        "题干": "根据局部图像，植物的生长状态如何？",
        "A": "枯萎凋零",
        "B": "生长良好，叶片繁茂",
        "C": "叶片稀疏",
        "D": "部分叶片发黄",
        "答案": "B"
    },
    "问题4": {
        "题干": "局部图像中的植物材质看起来是？",
        "A": "塑料仿制",
        "B": "金属制成",
        "C": "真叶，可能是某种观叶植物",
        "D": "纸质装饰",
        "答案": "C"
    },
    "问题5": {
        "题干": "局部图像中的植物放置在什么位置？",
        "A": "餐桌中央",
        "B": "墙角处",
        "C": "窗台上",
        "D": "吧台后方",
        "答案": "B"
    }
}