{
    "问题1": {
        "题干": "根据图片描述，这把椅子的主要颜色是什么？",
        "A": "深色，可能是黑色或深棕色",
        "B": "浅色，可能是白色或米色",
        "C": "亮色，可能是红色或黄色",
        "D": "彩色，可能是蓝色或绿色",
        "答案": "A"
    },
    "问题2": {
        "题干": "这把椅子的材质看起来是什么样的？",
        "A": "塑料框架搭配皮革坐垫",
        "B": "木质或金属框架搭配布艺坐垫",
        "C": "全布艺，没有框架",
        "D": "全金属，无布艺部分",
        "答案": "B"
    },
    "问题3": {
        "题干": "椅子的状态如何？",
        "A": "有人正在使用",
        "B": "椅子被移动到桌子旁边",
        "C": "静止状态，没有明显的人在使用",
        "D": "椅子被翻倒在地上",
        "答案": "C"
    },
    "问题4": {
        "题干": "椅子的靠背和坐垫部分有何特点？",
        "A": "靠背较低，坐垫较窄",
        "B": "靠背较高，坐垫较宽",
        "C": "靠背和坐垫都非常低矮",
        "D": "靠背和坐垫都非常高大",
        "答案": "B"
    }
}