{
    "问题1": {
        "Question": "局部图像中的红色长方形物体最可能是什么？",
        "Answer": "反光板"
    },
    "问题2": {
        "Question": "该红色长方形物体的材质更可能是以下哪种？",
        "Answer": "塑料"
    },
    "问题3": {
        "Question": "观察局部图像，该红色长方形物体的状态如何？",
        "Answer": "完好，没有明显损坏"
    },
    "问题4": {
        "Question": "根据局部图像，该红色长方形物体的颜色具体为？",
        "Answer": "红色"
    }
}