{
    "问题1": {
        "Question": "局部图像中的餐桌表面颜色是什么？",
        "Answer": "深色，可能是棕色或黑色"
    },
    "问题2": {
        "Question": "局部图像中的餐桌上放置的物品状态如何？",
        "Answer": "桌面上有一些物品，显得有些凌乱。"
    },
    "问题3": {
        "Question": "局部图像中的餐桌边缘有什么特征？",
        "Answer": "边缘有装饰性的花纹。"
    },
    "问题4": {
        "Question": "根据局部图像判断，餐桌的材质最有可能是什么？",
        "Answer": "可能是木质或金属"
    }
}