{
    "问题1": {
        "Question": "局部图像中的电子设备主体颜色是什么？",
        "Answer": "黄色"
    },
    "问题2": {
        "Question": "局部图像中的电子设备前面板有什么结构特征？",
        "Answer": "网状结构"
    },
    "问题3": {
        "Question": "局部图像中的电子设备顶部有什么突出部件？",
        "Answer": "天线"
    },
    "问题4": {
        "Question": "局部图像中的电子设备材质看起来是什么？",
        "Answer": "塑料"
    },
    "问题5": {
        "Question": "局部图像中的电子设备当前状态如何？",
        "Answer": "静止"
    }
}