{
    "问题1": {
        "Question": "局部图像中的灯箱主要呈现什么颜色？",
        "Answer": "红色"
    },
    "问题2": {
        "Question": "根据描述，这些灯箱的表面材质最可能是以下哪种？",
        "Answer": "金属或塑料"
    },
    "问题3": {
        "Question": "观察局部图像，灯箱当前的状态是？",
        "Answer": "关闭"
    },
    "问题4": {
        "Question": "局部图像中的灯箱表面是否有明显的分隔线？",
        "Answer": "有"
    }
}