{
    "问题1": {
        "Question": "局部图像中的椅子靠背和扶手的颜色是什么？",
        "Answer": "深红色"
    },
    "问题2": {
        "Question": "局部图像中的椅子材质是什么？",
        "Answer": "皮革"
    },
    "问题3": {
        "Question": "局部图像中的椅子状态如何？",
        "Answer": "完好"
    },
    "问题4": {
        "Question": "局部图像中的椅子靠背设计风格属于哪种类型？",
        "Answer": "传统中式"
    }
}