{
    "问题1": {
        "Question": "目标物体中的人穿着什么颜色的外套？",
        "Answer": "迷彩色"
    },
    "问题2": {
        "Question": "目标物体中的人的外套材质看起来是什么？",
        "Answer": "棉质或合成纤维"
    },
    "问题3": {
        "Question": "目标物体中的人处于什么状态？",
        "Answer": "站立状态，面向左侧"
    },
    "问题4": {
        "Question": "目标物体中的人的外套上有什么明显的图案？",
        "Answer": "迷彩图案"
    }
}