{
    "问题1": {
        "题干": "椅子的主要颜色是什么？",
        "A": "棕色和黑色",
        "B": "红色和白色",
        "C": "蓝色和绿色",
        "D": "黄色和橙色",
        "答案": "A"
    },
    "问题2": {
        "题干": "椅子的靠背和座位部分使用了哪种材质？",
        "A": "金属",
        "B": "塑料",
        "C": "布料",
        "D": "皮革",
        "答案": "C"
    },
    "问题3": {
        "题干": "椅子的整体结构看起来如何？",
        "A": "摇晃不稳",
        "B": "轻便易折叠",
        "C": "稳固",
        "D": "破损严重",
        "答案": "C"
    },
    "问题4": {
        "题干": "椅子的状态是怎样的？",
        "A": "正在被移动",
        "B": "悬挂在空中",
        "C": "静止，靠墙放置",
        "D": "倒在地上",
        "答案": "C"
    },
    "问题5": {
        "题干": "椅子的框架部分最有可能是由什么材质制成的？",
        "A": "玻璃",
        "B": "木质",
        "C": "橡胶",
        "D": "陶瓷",
        "答案": "B"
    }
}