{
    "问题1": {
        "题干": "图片中的方形餐桌桌面的颜色是？",
        "A": "深色木质",
        "B": "浅色木质",
        "C": "金属银色",
        "D": "塑料白色",
        "答案": "A"
    },
    "问题2": {
        "题干": "桌子上的桌布具有什么样的特征？",
        "A": "纯色无花纹",
        "B": "有花纹装饰",
        "C": "透明材质",
        "D": "毛绒材质",
        "答案": "B"
    },
    "问题3": {
        "题干": "根据图片描述，餐桌的材质是什么？",
        "A": "塑料",
        "B": "玻璃",
        "C": "木质",
        "D": "金属",
        "答案": "C"
    },
    "问题4": {
        "题干": "餐桌的状态如何？",
        "A": "杂乱无章",
        "B": "正在清理",
        "C": "整洁，准备用餐",
        "D": "空无一物",
        "答案": "C"
    },
    "问题5": {
        "题干": "桌子上放置了哪些餐具和物品？",
        "A": "仅盘子和筷子",
        "B": "盘子、筷子和餐巾",
        "C": "仅餐巾",
        "D": "仅筷子",
        "答案": "B"
    }
}