{
    "问题1": {
        "题干": "局部图像中的盘子是什么颜色的？",
        "A": "深蓝色",
        "B": "浅黄色",
        "C": "亮红色",
        "D": "淡绿色",
        "答案": "A"
    },
    "问题2": {
        "题干": "盘子上的食物最有可能是什么？",
        "A": "炸鸡块或炸丸子",
        "B": "煮熟的蔬菜",
        "C": "新鲜水果",
        "D": "生鱼片",
        "答案": "A"
    },
    "问题3": {
        "题干": "盘子底部的液体最可能是以下哪种？",
        "A": "清水",
        "B": "油或酱汁",
        "C": "牛奶",
        "D": "果汁",
        "答案": "B"
    },
    "问题4": {
        "题干": "根据描述，盘子的材质是什么？",
        "A": "陶瓷",
        "B": "金属",
        "C": "塑料",
        "D": "玻璃",
        "答案": "C"
    },
    "问题5": {
        "题干": "盘子的状态如何？",
        "A": "空的",
        "B": "装有食物且底部有液体残留",
        "C": "只装有液体",
        "D": "破损",
        "答案": "B"
    }
}