{
    "问题1": {
        "题干": "局部图像中的筷子是什么颜色的？",
        "A": "黑色",
        "B": "白色",
        "C": "红色",
        "D": "黄色",
        "答案": "A"
    },
    "问题2": {
        "题干": "根据局部图像，这双筷子最可能由什么材质制成？",
        "A": "木质",
        "B": "塑料或陶瓷",
        "C": "金属",
        "D": "竹子",
        "答案": "B"
    },
    "问题3": {
        "题干": "局部图像中的筷子处于什么状态？",
        "A": "静止",
        "B": "被使用中",
        "C": "掉落",
        "D": "移动",
        "答案": "A"
    },
    "问题4": {
        "题干": "局部图像中的筷子旁边放置的是什么类型的食物？",
        "A": "水果",
        "B": "蔬菜",
        "C": "面条",
        "D": "米饭",
        "答案": "C"
    }
}