{
    "问题1": {
        "题干": "局部图像中的椅子被何种材质的布覆盖？",
        "A": "布",
        "B": "皮革",
        "C": "丝绸",
        "D": "塑料",
        "答案": "A"
    },
    "问题2": {
        "题干": "局部图像中椅子上的汉字颜色为？",
        "A": "红色",
        "B": "蓝色",
        "C": "黄色",
        "D": "绿色",
        "答案": "C"
    },
    "问题3": {
        "题干": "局部图像中椅子的状态是？",
        "A": "完全可见",
        "B": "被布完全覆盖",
        "C": "被布部分覆盖",
        "D": "倒置",
        "答案": "C"
    },
    "问题4": {
        "题干": "局部图像中椅子的框架材质最可能是？",
        "A": "木材",
        "B": "金属",
        "C": "塑料",
        "D": "竹子",
        "答案": "B"
    },
    "问题5": {
        "题干": "局部图像中椅子的颜色主要为？",
        "A": "红色",
        "B": "蓝色",
        "C": "绿色",
        "D": "黑色",
        "答案": "A"
    }
}