{
    "问题1": {
        "题干": "局部图像中的盘子是什么颜色的？",
        "A": "深蓝色",
        "B": "浅绿色",
        "C": "白色",
        "D": "红色",
        "答案": "A"
    },
    "问题2": {
        "题干": "盘子上的食物最有可能是什么？",
        "A": "炸鸡块或炸丸子",
        "B": "煮鸡蛋",
        "C": "炒蔬菜",
        "D": "蒸鱼",
        "答案": "A"
    },
    "问题3": {
        "题干": "盘子的材质是什么？",
        "A": "塑料",
        "B": "陶瓷",
        "C": "金属",
        "D": "玻璃",
        "答案": "B"
    },
    "问题4": {
        "题干": "盘子边缘的状态如何？",
        "A": "干燥无水",
        "B": "有明显的划痕",
        "C": "有水滴",
        "D": "有油渍",
        "答案": "C"
    }
}