{
    "问题1": {
        "题干": "展示柜的上层放置了什么类型的物品？",
        "A": "金属罐",
        "B": "玻璃瓶",
        "C": "陶瓷碗",
        "D": "塑料盒",
        "答案": "A"
    },
    "问题2": {
        "题干": "展示柜的颜色是什么？",
        "A": "浅黄色",
        "B": "深棕色",
        "C": "亮红色",
        "D": "灰白色",
        "答案": "B"
    },
    "问题3": {
        "题干": "展示柜的材质是什么？",
        "A": "塑料",
        "B": "金属",
        "C": "木质",
        "D": "玻璃",
        "答案": "C"
    },
    "问题4": {
        "题干": "展示柜的下层状态如何？",
        "A": "放置了多个金属罐",
        "B": "放置了陶瓷碗",
        "C": "空的",
        "D": "放置了玻璃瓶",
        "答案": "C"
    },
    "问题5": {
        "题干": "根据描述，展示柜的状态可以判断为？",
        "A": "完全满载",
        "B": "部分物品缺失",
        "C": "全新未使用",
        "D": "全部物品缺失",
        "答案": "B"
    }
}