{
    "问题1": {
        "题干": "图片中的dining_table的主要颜色是什么？",
        "A": "棕色",
        "B": "白色",
        "C": "黑色",
        "D": "红色",
        "答案": "A"
    },
    "问题2": {
        "题干": "dining_table的材质最可能是以下哪种？",
        "A": "塑料",
        "B": "金属",
        "C": "木质",
        "D": "玻璃",
        "答案": "C"
    },
    "问题3": {
        "题干": "dining_table上的状态描述正确的是？",
        "A": "杂乱无章",
        "B": "空无一物",
        "C": "整洁，放置了盘子、餐具和一个盒子",
        "D": "只有餐具",
        "答案": "C"
    },
    "问题4": {
        "题干": "dining_table的边缘有何特征？",
        "A": "光滑无装饰",
        "B": "有装饰性的雕刻",
        "C": "有金属包边",
        "D": "有彩色图案",
        "答案": "B"
    },
    "问题5": {
        "题干": "dining_table的形状是？",
        "A": "圆形",
        "B": "长方形",
        "C": "正方形",
        "D": "椭圆形",
        "答案": "B"
    }
}