{
    "问题1": {
        "Question": "局部图像中的lamp是什么颜色的？",
        "Answer": "红色"
    },
    "问题2": {
        "Question": "根据描述，局部图像中的lamp目前处于什么状态？",
        "Answer": "关闭"
    },
    "问题3": {
        "Question": "局部图像中的lamp看起来是由什么材质制成的？",
        "Answer": "金属或塑料"
    },
    "问题4": {
        "Question": "局部图像中的lamp具有什么样的外观特征？",
        "Answer": "长方形，表面光滑，有明显的反光效果"
    }
}