{
    "问题1": {
        "题干": "灯箱的主要颜色是什么？",
        "A": "红色",
        "B": "蓝色",
        "C": "黄色",
        "D": "绿色",
        "答案": "A"
    },
    "问题2": {
        "题干": "灯箱的边缘装饰条的颜色是？",
        "A": "黑色",
        "B": "红色",
        "C": "白色",
        "D": "金色",
        "答案": "C"
    },
    "问题3": {
        "题干": "根据图片判断，灯箱目前的状态是？",
        "A": "亮着",
        "B": "闪烁",
        "C": "关闭",
        "D": "半亮",
        "答案": "C"
    },
    "问题4": {
        "题干": "灯箱的材质最可能是以下哪种？",
        "A": "木质框架和纸张面板",
        "B": "金属或塑料框架，玻璃或亚克力面板",
        "C": "纯塑料制成",
        "D": "纯玻璃制成",
        "答案": "B"
    },
    "问题5": {
        "题干": "灯箱的形状描述正确的是？",
        "A": "圆形",
        "B": "长方形",
        "C": "正方形",
        "D": "椭圆形",
        "答案": "B"
    }
}