{
    "问题1": {
        "题干": "图片中的女性穿着什么颜色的上衣？",
        "A": "浅色",
        "B": "深色",
        "C": "红色",
        "D": "黑色",
        "答案": "A"
    },
    "问题2": {
        "题干": "女性的头发是如何扎的？",
        "A": "散开",
        "B": "盘起",
        "C": "扎成马尾",
        "D": "编成辫子",
        "答案": "C"
    },
    "问题3": {
        "题干": "女性正在做什么？",
        "A": "站立",
        "B": "行走",
        "C": "坐着，低头专注地看着桌子上的东西",
        "D": "与人交谈",
        "答案": "C"
    },
    "问题4": {
        "题干": "女性所穿连帽衫的材质看起来是什么？",
        "A": "丝绸",
        "B": "棉质或类似材质",
        "C": "皮革",
        "D": "尼龙",
        "答案": "B"
    },
    "问题5": {
        "题干": "背景环境的状态是怎样的？",
        "A": "清晰可见",
        "B": "明亮且详细",
        "C": "模糊，无法清晰辨认",
        "D": "有明显的装饰物",
        "答案": "C"
    }
}