{
    "问题1": {
        "Question": "局部图像中的sign背景颜色是什么？",
        "Answer": "蓝色"
    },
    "问题2": {
        "Question": "局部图像中的sign上的文字颜色是什么？",
        "Answer": "黑色"
    },
    "问题3": {
        "Question": "局部图像中的sign材质看起来更接近于什么？",
        "Answer": "纸质或塑料"
    },
    "问题4": {
        "Question": "局部图像中的sign右下角有什么特征？",
        "Answer": "圆形的印章或标记"
    },
    "问题5": {
        "Question": "局部图像中的sign整体状态如何描述？",
        "Answer": "有些旧"
    }
}