{
    "问题1": {
        "题干": "图片中的中式椅子椅背上的花纹设计体现了哪种风格？",
        "A": "现代简约风格",
        "B": "北欧风格",
        "C": "古典中式风格",
        "D": "工业风格",
        "答案": "C"
    },
    "问题2": {
        "题干": "椅子的坐垫颜色是什么？",
        "A": "蓝色",
        "B": "绿色",
        "C": "红色",
        "D": "黄色",
        "答案": "C"
    },
    "问题3": {
        "题干": "椅子的主要材质是什么？",
        "A": "塑料",
        "B": "金属",
        "C": "木质",
        "D": "布艺",
        "答案": "C"
    },
    "问题4": {
        "题干": "椅子上放置了什么物品？",
        "A": "一本书",
        "B": "一个包",
        "C": "一顶白色帽子",
        "D": "一个杯子",
        "答案": "C"
    },
    "问题5": {
        "题干": "椅子的整体颜色是什么？",
        "A": "浅棕色",
        "B": "深棕色",
        "C": "黑色",
        "D": "灰色",
        "答案": "B"
    }
}