{
    "问题1": {
        "Question": "椅子靠背部分的装饰图案是什么样的？",
        "Answer": "花纹装饰"
    },
    "问题2": {
        "Question": "椅子腿部分的设计特点是什么？",
        "Answer": "条纹设计"
    },
    "问题3": {
        "Question": "椅子的整体颜色是怎样的？",
        "Answer": "深色，带有一些花纹和条纹"
    },
    "问题4": {
        "Question": "椅子的材质看起来是什么？",
        "Answer": "布料或织物"
    }
}