{
    "问题1": {
        "题干": "局部图像中的dining_table上放置的物品状态如何？",
        "A": "杂乱",
        "B": "整齐",
        "C": "空无一物",
        "D": "仅有餐具",
        "答案": "A"
    },
    "问题2": {
        "题干": "局部图像中的dining_table的主要颜色是什么？",
        "A": "蓝色",
        "B": "棕色和黄色",
        "C": "绿色",
        "D": "黑色",
        "答案": "B"
    },
    "问题3": {
        "题干": "局部图像中的dining_table的材质看起来是什么？",
        "A": "塑料",
        "B": "金属",
        "C": "木质",
        "D": "玻璃",
        "答案": "C"
    },
    "问题4": {
        "题干": "根据局部图像，dining_table上的书籍和物品摆放情况如何描述？",
        "A": "有序排列",
        "B": "堆叠整齐",
        "C": "随意摆放，显得凌乱",
        "D": "仅有一本书",
        "答案": "C"
    }
}