{
    "问题1": {
        "题干": "局部图像中的北京豆汁包装上展示了几张图片？",
        "A": "一张",
        "B": "两张",
        "C": "三张",
        "D": "四张",
        "答案": "C"
    },
    "问题2": {
        "题干": "局部图像中北京豆汁包装的主要颜色是什么？",
        "A": "红色",
        "B": "绿色",
        "C": "棕色",
        "D": "蓝色",
        "答案": "C"
    },
    "问题3": {
        "题干": "局部图像中北京豆汁包装上的文字“北京豆汁”是什么颜色的？",
        "A": "深色",
        "B": "黑色",
        "C": "浅色",
        "D": "红色",
        "答案": "C"
    },
    "问题4": {
        "题干": "局部图像中北京豆汁包装的材质看起来是什么样的？",
        "A": "塑料",
        "B": "纸质",
        "C": "金属",
        "D": "玻璃",
        "答案": "B"
    },
    "问题5": {
        "题干": "局部图像中北京豆汁包装的状态如何？",
        "A": "有明显损坏",
        "B": "部分破损",
        "C": "包装完好",
        "D": "严重撕裂",
        "答案": "C"
    }
}