{
    "问题1": {
        "Question": "椅子靠背上的图案是什么颜色和形状的？",
        "Answer": "粉红色的三角形"
    },
    "问题2": {
        "Question": "椅子的腿是由什么材质制成的？",
        "Answer": "金属"
    },
    "问题3": {
        "Question": "椅子的座位部分是什么颜色的？",
        "Answer": "深色"
    },
    "问题4": {
        "Question": "桌子的桌面是什么颜色的？",
        "Answer": "浅色"
    },
    "问题5": {
        "Question": "椅子的座位部分可能是由什么材质制成的？",
        "Answer": "木制或塑料"
    },
    "问题6": {
        "Question": "椅子和桌子当前的状态如何？",
        "Answer": "静止且整洁"
    }
}