{
    "问题1": {
        "题干": "目标物体的灯罩表面特征是什么？",
        "A": "光滑，没有明显装饰",
        "B": "粗糙，有纹理装饰",
        "C": "透明，带有花纹",
        "D": "磨砂，有雕刻图案",
        "答案": "A"
    },
    "问题2": {
        "题干": "目标物体的颜色是什么？",
        "A": "黄色",
        "B": "蓝色",
        "C": "红色",
        "D": "绿色",
        "答案": "C"
    },
    "问题3": {
        "题干": "目标物体的材质描述正确的是？",
        "A": "全塑料制成",
        "B": "金属框架，灯罩可能是玻璃或塑料",
        "C": "纯木质结构",
        "D": "全玻璃制成",
        "答案": "B"
    },
    "问题4": {
        "题干": "目标物体的状态是？",
        "A": "开启状态",
        "B": "闪烁状态",
        "C": "关闭状态",
        "D": "半亮状态",
        "答案": "C"
    },
    "问题5": {
        "题干": "目标物体的形状特征是什么？",
        "A": "圆形",
        "B": "矩形",
        "C": "三角形",
        "D": "不规则形状",
        "答案": "B"
    }
}