{
    "问题1": {
        "题干": "吊灯的灯罩材质是什么？",
        "A": "玻璃或塑料",
        "B": "金属",
        "C": "木质",
        "D": "布料",
        "答案": "A"
    },
    "问题2": {
        "题干": "吊灯当前的状态是？",
        "A": "开启",
        "B": "闪烁",
        "C": "关闭",
        "D": "损坏",
        "答案": "C"
    },
    "问题3": {
        "题干": "吊灯的颜色描述为？",
        "A": "红色",
        "B": "透明",
        "C": "黄色",
        "D": "蓝色",
        "答案": "B"
    },
    "问题4": {
        "题干": "吊灯位于何处？",
        "A": "两扇红色的门之间",
        "B": "餐桌上方",
        "C": "窗户旁边",
        "D": "吧台上方",
        "答案": "A"
    }
}