{
    "问题1": {
        "Question": "碗中的液体颜色是什么？",
        "Answer": "橙色"
    },
    "问题2": {
        "Question": "碗的边缘颜色是什么？",
        "Answer": "白色"
    },
    "问题3": {
        "Question": "碗看起来是由什么材质制成的？",
        "Answer": "陶瓷或类似材质"
    },
    "问题4": {
        "Question": "碗中的状态如何描述？",
        "Answer": "装有液体，状态看起来很满"
    },
    "问题5": {
        "Question": "碗中除了液体外，还包含什么？",
        "Answer": "固体物质，可能是食物"
    }
}