{
    "问题1": {
        "Question": "局部图像中的人的头发颜色是什么？",
        "Answer": "浅色，可能是金色或浅棕色"
    },
    "问题2": {
        "Question": "根据描述，局部图像中的人正在做什么？",
        "Answer": "坐着或低头"
    },
    "问题3": {
        "Question": "局部图像中的人的头发材质看起来是什么样的？",
        "Answer": "自然的头发材质"
    },
    "问题4": {
        "Question": "在局部图像中，此人的头发顶部染成了什么颜色？",
        "Answer": "浅色"
    }
}