{
    "问题1": {
        "Question": "图片中的女性穿着什么颜色的衣服？",
        "Answer": "深色衣服，白色领子"
    },
    "问题2": {
        "Question": "女性的头发长度如何描述？",
        "Answer": "短发"
    },
    "问题3": {
        "Question": "女性当前的状态是什么样的？",
        "Answer": "低头专注的样子"
    },
    "问题4": {
        "Question": "根据图片判断，女性的衣服材质最可能是哪种？",
        "Answer": "布料材质"
    }
}