{
    "问题1": {
        "题干": "图片中的餐桌主要颜色是什么？",
        "A": "棕色",
        "B": "白色",
        "C": "红色",
        "D": "黑色",
        "答案": "A"
    },
    "问题2": {
        "题干": "餐桌的材质看起来是什么？",
        "A": "塑料",
        "B": "金属",
        "C": "木质",
        "D": "玻璃",
        "答案": "C"
    },
    "问题3": {
        "题干": "餐桌上摆放的状态如何？",
        "A": "杂乱无章",
        "B": "空无一物",
        "C": "整洁，准备用餐",
        "D": "正在清理",
        "答案": "C"
    },
    "问题4": {
        "题干": "餐桌上有哪些物品？",
        "A": "只有餐巾",
        "B": "餐巾、盘子和一个盒子",
        "C": "只有一些饮料杯",
        "D": "没有任何餐具",
        "答案": "B"
    },
    "问题5": {
        "题干": "餐桌边缘的装饰特点是什么？",
        "A": "光滑无装饰",
        "B": "有花纹装饰",
        "C": "有金属边框",
        "D": "有彩色贴纸",
        "答案": "B"
    }
}