{
    "问题1": {
        "题干": "椅子的材质是什么？",
        "A": "木材",
        "B": "金属",
        "C": "塑料",
        "D": "布料",
        "答案": "A"
    },
    "问题2": {
        "题干": "椅子的颜色是哪种？",
        "A": "蓝色",
        "B": "棕色",
        "C": "绿色",
        "D": "白色",
        "答案": "B"
    },
    "问题3": {
        "题干": "椅子的状态如何？",
        "A": "全新无损",
        "B": "破损严重",
        "C": "完好，但有些磨损迹象",
        "D": "正在维修中",
        "答案": "C"
    },
    "问题4": {
        "题干": "椅子的椅腿部分有何特点？",
        "A": "直立无支撑",
        "B": "圆形设计",
        "C": "有交叉支撑结构",
        "D": "可折叠设计",
        "答案": "C"
    },
    "问题5": {
        "题干": "椅子旁边的桌子上有什么物品？",
        "A": "只有一本书",
        "B": "红色和白色的纸张或布料",
        "C": "一台笔记本电脑",
        "D": "一个空杯子",
        "答案": "B"
    }
}