{
    "问题1": {
        "题干": "椅子的靠背部分设计有何特点？",
        "A": "有复杂的花纹雕刻",
        "B": "光滑无装饰",
        "C": "简单的线条装饰",
        "D": "金属材质的图案",
        "答案": "A"
    },
    "问题2": {
        "题干": "椅子上的坐垫颜色为？",
        "A": "蓝色",
        "B": "绿色",
        "C": "红色",
        "D": "黄色",
        "答案": "C"
    },
    "问题3": {
        "题干": "椅子的主要材质是什么？",
        "A": "塑料",
        "B": "金属",
        "C": "木质",
        "D": "布艺",
        "答案": "C"
    },
    "问题4": {
        "题干": "椅子上放置了什么物品？",
        "A": "一本书和一个杯子",
        "B": "一顶白色帽子和一些物品",
        "C": "一个背包",
        "D": "一个手提包",
        "答案": "B"
    },
    "问题5": {
        "题干": "椅子的整体颜色是？",
        "A": "浅棕色",
        "B": "深棕色",
        "C": "黑色",
        "D": "灰色",
        "答案": "B"
    }
}