{
    "问题1": {
        "题干": "局部图像中的人穿着什么颜色的衣物？",
        "A": "深色（可能是黑色或深灰色）",
        "B": "浅色（可能是白色或浅灰色）",
        "C": "红色",
        "D": "蓝色",
        "答案": "A"
    },
    "问题2": {
        "题干": "局部图像中的人正在做什么？",
        "A": "坐着吃饭",
        "B": "行走",
        "C": "背对镜头站立，似乎在低头看或做某事",
        "D": "与他人交谈",
        "答案": "C"
    },
    "问题3": {
        "题干": "局部图像中的人所穿衣物的材质看起来是什么？",
        "A": "金属",
        "B": "塑料",
        "C": "布料（可能是外套或夹克）",
        "D": "皮革",
        "答案": "C"
    },
    "问题4": {
        "题干": "局部图像中的人的姿态是怎样的？",
        "A": "坐着",
        "B": "躺着",
        "C": "站立姿势",
        "D": "蹲着",
        "答案": "C"
    }
}