{
    "问题1": {
        "题干": "图片中的男孩穿着什么颜色的衣服？",
        "A": "浅蓝色",
        "B": "深蓝色",
        "C": "白色",
        "D": "灰色",
        "答案": "A"
    },
    "问题2": {
        "题干": "男孩手中的冰淇淋是什么颜色的？",
        "A": "黄色",
        "B": "粉色",
        "C": "白色",
        "D": "绿色",
        "答案": "C"
    },
    "问题3": {
        "题干": "背景的主要颜色是什么？",
        "A": "红色",
        "B": "蓝色",
        "C": "绿色",
        "D": "黄色",
        "答案": "A"
    },
    "问题4": {
        "题干": "男孩的头发是什么颜色和长度？",
        "A": "黑色短发",
        "B": "棕色长发",
        "C": "金色短发",
        "D": "黑色长发",
        "答案": "A"
    },
    "问题5": {
        "题干": "根据描述，男孩的衣服材质最可能是哪种？",
        "A": "棉质",
        "B": "丝绸",
        "C": "羊毛",
        "D": "尼龙",
        "答案": "A"
    }
}