{
    "问题1": {
        "题干": "局部图像中的碗里装的是什么？",
        "A": "面条",
        "B": "米饭",
        "C": "汤",
        "D": "蔬菜",
        "答案": "A"
    },
    "问题2": {
        "题干": "局部图像中碗旁边的盘子是什么颜色的？",
        "A": "红色",
        "B": "蓝色",
        "C": "白色",
        "D": "黑色",
        "答案": "C"
    },
    "问题3": {
        "题干": "局部图像中的碗和盘子看起来是由什么材质制成的？",
        "A": "塑料",
        "B": "陶瓷",
        "C": "金属",
        "D": "玻璃",
        "答案": "B"
    },
    "问题4": {
        "题干": "局部图像的整体背景颜色是怎样的？",
        "A": "浅色",
        "B": "明亮",
        "C": "深色",
        "D": "多彩",
        "答案": "C"
    },
    "问题5": {
        "题干": "根据局部图像，面条的状态如何？",
        "A": "生的",
        "B": "半熟",
        "C": "煮熟的",
        "D": "烤制的",
        "答案": "C"
    }
}