{
    "问题1": {
        "题干": "垃圾桶的主要颜色是什么？",
        "A": "黑色和红色",
        "B": "蓝色和白色",
        "C": "绿色和黄色",
        "D": "灰色和橙色",
        "答案": "A"
    },
    "问题2": {
        "题干": "垃圾桶的材质是什么？",
        "A": "塑料",
        "B": "玻璃",
        "C": "金属",
        "D": "木质",
        "答案": "C"
    },
    "问题3": {
        "题干": "垃圾桶盖子的状态如何？",
        "A": "完全关闭",
        "B": "半开状态",
        "C": "打开状态",
        "D": "缺失",
        "答案": "C"
    },
    "问题4": {
        "题干": "垃圾桶顶部的标签或标识牌的颜色是什么？",
        "A": "蓝色",
        "B": "红色",
        "C": "黄色",
        "D": "绿色",
        "答案": "B"
    },
    "问题5": {
        "题干": "从图片中可以看出垃圾桶内是否有垃圾？",
        "A": "有垃圾",
        "B": "没有垃圾",
        "C": "无法判断",
        "D": "垃圾桶为空",
        "答案": "A"
    }
}