{
    "问题1": {
        "Question": "这把椅子的主要材质是什么？",
        "Answer": "木材"
    },
    "问题2": {
        "Question": "椅子的颜色是什么？",
        "Answer": "棕色"
    },
    "问题3": {
        "Question": "椅子的椅腿部分有何特殊设计？",
        "Answer": "有交叉支撑结构"
    },
    "问题4": {
        "Question": "椅子的整体状态如何？",
        "Answer": "完好，但有些磨损迹象"
    },
    "问题5": {
        "Question": "椅子的靠背和座位部分由什么构成？",
        "Answer": "木条"
    }
}