{
    "问题1": {
        "Question": "局部图像中的吊灯是什么颜色的？",
        "Answer": "红色"
    },
    "问题2": {
        "Question": "局部图像中的吊灯材质看起来像是什么？",
        "Answer": "玻璃或塑料"
    },
    "问题3": {
        "Question": "局部图像中的吊灯当前状态是怎样的？",
        "Answer": "关闭"
    },
    "问题4": {
        "Question": "局部图像中的吊灯外形是什么形状的？",
        "Answer": "长方形"
    }
}