{
    "问题1": {
        "Question": "展示柜的上层放置了什么类型的物品？",
        "Answer": "金属罐"
    },
    "问题2": {
        "Question": "展示柜的颜色是什么？",
        "Answer": "深棕色"
    },
    "问题3": {
        "Question": "展示柜的材质是什么？",
        "Answer": "木质"
    },
    "问题4": {
        "Question": "展示柜的下层状态如何？",
        "Answer": "空的"
    },
    "问题5": {
        "Question": "展示柜的整体状态描述正确的是？",
        "Answer": "部分物品缺失"
    }
}