{
    "问题1": {
        "Question": "图片中的女性穿着什么颜色的上衣？",
        "Answer": "浅色"
    },
    "问题2": {
        "Question": "女性的头发是如何扎的？",
        "Answer": "马尾"
    },
    "问题3": {
        "Question": "女性正在做什么动作？",
        "Answer": "坐着，低头专注地看着桌子上的东西"
    },
    "问题4": {
        "Question": "女性所穿的连帽衫看起来是什么材质？",
        "Answer": "棉质或类似材质"
    }
}