{
    "问题1": {
        "题干": "根据图片描述，目标物体（lamp）的颜色是什么？",
        "A": "红色",
        "B": "黄色",
        "C": "蓝色",
        "D": "绿色",
        "答案": "A"
    },
    "问题2": {
        "题干": "目标物体（lamp）的材质最可能是以下哪种？",
        "A": "木质",
        "B": "金属或塑料",
        "C": "玻璃",
        "D": "布料",
        "答案": "B"
    },
    "问题3": {
        "题干": "目标物体（lamp）的状态是？",
        "A": "开启",
        "B": "闪烁",
        "C": "关闭",
        "D": "损坏",
        "答案": "C"
    },
    "问题4": {
        "题干": "目标物体（lamp）的形状特征是？",
        "A": "圆形",
        "B": "长方形",
        "C": "三角形",
        "D": "不规则形状",
        "答案": "B"
    },
    "问题5": {
        "题干": "目标物体（lamp）表面具有什么特点？",
        "A": "粗糙",
        "B": "有明显的反光效果",
        "C": "磨砂质感",
        "D": "透明",
        "答案": "B"
    }
}