{
    "问题1": {
        "Question": "局部图像中的人穿着什么颜色的衣服？",
        "Answer": "深色（可能是黑色或深灰色）"
    },
    "问题2": {
        "Question": "局部图像中的人正在做什么？",
        "Answer": "似乎正在低头看或做某事"
    },
    "问题3": {
        "Question": "局部图像中人的衣服材质看起来是什么？",
        "Answer": "布料，可能是外套或夹克"
    },
    "问题4": {
        "Question": "局部图像中人的姿态是怎样的？",
        "Answer": "站立姿势，可能在进行某种活动"
    }
}