{
    "问题1": {
        "题干": "茶壶的主要材质是什么？",
        "A": "玻璃",
        "B": "陶瓷",
        "C": "金属",
        "D": "塑料",
        "答案": "A"
    },
    "问题2": {
        "题干": "茶壶的壶嘴和壶把的设计特点是什么？",
        "A": "直线型设计",
        "B": "波浪形设计",
        "C": "弯曲形状",
        "D": "对称设计",
        "答案": "C"
    },
    "问题3": {
        "题干": "茶壶壶盖上的装饰物是什么形状的？",
        "A": "圆形",
        "B": "螺旋状",
        "C": "方形",
        "D": "三角形",
        "答案": "B"
    },
    "问题4": {
        "题干": "茶壶的颜色主要是什么？",
        "A": "深色",
        "B": "透明色",
        "C": "金色",
        "D": "红色",
        "答案": "B"
    },
    "问题5": {
        "题干": "根据图片，茶壶的状态是怎样的？",
        "A": "装满水",
        "B": "半满",
        "C": "空的",
        "D": "无法判断",
        "答案": "C"
    }
}