{
    "问题1": {
        "题干": "图片中的餐桌主要是什么材质制成的？",
        "A": "木质",
        "B": "金属",
        "C": "塑料",
        "D": "玻璃",
        "答案": "A"
    },
    "问题2": {
        "题干": "餐桌上的物品状态如何描述最为准确？",
        "A": "杂乱无章",
        "B": "空无一物",
        "C": "整洁，放置了一些红色物品和盘子",
        "D": "只有餐具",
        "答案": "C"
    },
    "问题3": {
        "题干": "餐桌的颜色主要是哪种颜色？",
        "A": "棕色",
        "B": "白色",
        "C": "黑色",
        "D": "蓝色",
        "答案": "A"
    },
    "问题4": {
        "题干": "根据图片，餐桌的风格更接近于哪种类型？",
        "A": "现代简约",
        "B": "中式传统",
        "C": "北欧风",
        "D": "工业风",
        "答案": "B"
    }
}