{
    "问题1": {
        "题干": "吊灯的颜色是什么？",
        "A": "红色",
        "B": "黄色",
        "C": "蓝色",
        "D": "白色",
        "答案": "A"
    },
    "问题2": {
        "题干": "吊灯的材质描述正确的是？",
        "A": "木质框架，塑料灯罩",
        "B": "金属框架，玻璃或塑料灯罩",
        "C": "塑料框架，玻璃灯罩",
        "D": "陶瓷框架，金属灯罩",
        "答案": "B"
    },
    "问题3": {
        "题干": "吊灯当前的状态是？",
        "A": "点亮状态",
        "B": "闪烁状态",
        "C": "关闭状态",
        "D": "半亮状态",
        "答案": "C"
    },
    "问题4": {
        "题干": "吊灯的外观形状为？",
        "A": "圆形",
        "B": "矩形",
        "C": "三角形",
        "D": "椭圆形",
        "答案": "B"
    },
    "问题5": {
        "题干": "吊灯表面是否有明显的装饰？",
        "A": "有复杂的花纹装饰",
        "B": "有简单的线条装饰",
        "C": "没有明显的装饰",
        "D": "有彩色的图案装饰",
        "答案": "C"
    }
}