{
    "问题1": {
        "Question": "这把椅子的主要材质是什么？",
        "Answer": "木质和金属"
    },
    "问题2": {
        "Question": "椅子的颜色组合是怎样的？",
        "Answer": "棕色和黑色"
    },
    "问题3": {
        "Question": "椅子的靠背高度如何？",
        "Answer": "较高"
    },
    "问题4": {
        "Question": "椅子的座位宽度如何？",
        "Answer": "较宽"
    },
    "问题5": {
        "Question": "根据图片，这把椅子的状态如何？",
        "Answer": "完好"
    }
}