{
    "问题1": {
        "Question": "隔断屏风上的主要文字是什么？",
        "Answer": "小吊梨汤"
    },
    "问题2": {
        "Question": "隔断屏风的颜色是什么？",
        "Answer": "红色"
    },
    "问题3": {
        "Question": "隔断屏风上除了“小吊梨汤”外，还印有什么欢迎语？",
        "Answer": "欢迎光临"
    },
    "问题4": {
        "Question": "隔断屏风的材质看起来像是什么？",
        "Answer": "布料或纸质"
    },
    "问题5": {
        "Question": "隔断屏风的状态如何？",
        "Answer": "完好，无明显损坏"
    },
    "问题6": {
        "Question": "隔断屏风上除了文字，还有什么图案？",
        "Answer": "传统建筑的图案"
    }
}