{
    "问题1": {
        "题干": "局部图像中的人的头发颜色最接近以下哪种描述？",
        "A": "浅色，可能是金色或浅棕色",
        "B": "深黑色",
        "C": "银白色",
        "D": "红色",
        "答案": "A"
    },
    "问题2": {
        "题干": "根据局部图像，此人的头发材质看起来是？",
        "A": "假发",
        "B": "塑料纤维",
        "C": "自然的头发",
        "D": "丝绸",
        "答案": "C"
    },
    "问题3": {
        "题干": "局部图像中的人处于什么状态？",
        "A": "站立并面向镜头",
        "B": "坐着或低头",
        "C": "跑步",
        "D": "跳跃",
        "答案": "B"
    },
    "问题4": {
        "题干": "从局部图像可以推测，此人的发型特征是？",
        "A": "长发披肩",
        "B": "短发，顶部染成浅色",
        "C": "编成辫子",
        "D": "光头",
        "答案": "B"
    }
}