{
    "问题1": {
        "Question": "局部图像中碗里的面条呈现出什么颜色？",
        "Answer": "浅色"
    },
    "问题2": {
        "Question": "局部图像中的盘子是什么颜色的？",
        "Answer": "白色"
    },
    "问题3": {
        "Question": "局部图像中的碗和盘子看起来是由什么材质制成的？",
        "Answer": "陶瓷"
    },
    "问题4": {
        "Question": "局部图像的背景颜色是什么？",
        "Answer": "深色"
    },
    "问题5": {
        "Question": "局部图像中，面条的状态如何？",
        "Answer": "煮熟的"
    }
}