{
    "问题1": {
        "题干": "局部图像中的sign主要由哪两种颜色组成？",
        "A": "红色和黄色",
        "B": "蓝色和绿色",
        "C": "黑色和白色",
        "D": "粉色和紫色",
        "答案": "A"
    },
    "问题2": {
        "题干": "局部图像中的sign贴在什么材质的表面上？",
        "A": "木质表面",
        "B": "玻璃表面",
        "C": "白色表面",
        "D": "金属表面",
        "答案": "C"
    },
    "问题3": {
        "题干": "局部图像中的sign的材质是什么？",
        "A": "塑料",
        "B": "纸质",
        "C": "金属",
        "D": "布料",
        "答案": "B"
    },
    "问题4": {
        "题干": "局部图像中的sign的状态是怎样的？",
        "A": "悬挂在空中",
        "B": "粘贴在表面上",
        "C": "平放在桌子上",
        "D": "卷曲在角落里",
        "答案": "B"
    },
    "问题5": {
        "题干": "局部图像中的sign的形状是什么？",
        "A": "圆形",
        "B": "长方形",
        "C": "三角形",
        "D": "正方形",
        "答案": "B"
    }
}