{
    "问题1": {
        "Question": "架子的主要材质是什么？",
        "Answer": "木材"
    },
    "问题2": {
        "Question": "架子的颜色是什么？",
        "Answer": "棕色"
    },
    "问题3": {
        "Question": "架子的上层放置了几罐物品，具体数量是多少？",
        "Answer": "四罐"
    },
    "问题4": {
        "Question": "架子的下层状态如何？",
        "Answer": "为空"
    },
    "问题5": {
        "Question": "架子前面有什么特征？",
        "Answer": "有一层金属网"
    }
}