{
    "问题1": {
        "Question": "餐桌上蓝色盘子里装的是什么类型的食物？",
        "Answer": "炸物"
    },
    "问题2": {
        "Question": "餐桌上的红色汤碗里装的是什么颜色的汤？",
        "Answer": "红色"
    },
    "问题3": {
        "Question": "餐桌的桌面材质最可能是以下哪种？",
        "Answer": "玻璃或光滑的塑料"
    },
    "问题4": {
        "Question": "餐桌上已经用餐过的状态可以通过什么来判断？",
        "Answer": "部分食物已被吃掉，餐具散落"
    },
    "问题5": {
        "Question": "餐桌周围的边缘材质是什么？",
        "Answer": "木质"
    },
    "问题6": {
        "Question": "餐桌上除了蓝色盘子和红色汤碗，还有哪些餐具？",
        "Answer": "小碟子和筷子"
    }
}