{
    "问题1": {
        "题干": "局部图像中的人物穿着什么颜色的迷彩服？",
        "A": "绿色、棕色和黑色相间的迷彩图案",
        "B": "蓝色和灰色相间的迷彩图案",
        "C": "红色和橙色相间的迷彩图案",
        "D": "黄色和白色相间的迷彩图案",
        "答案": "A"
    },
    "问题2": {
        "题干": "局部图像中人物佩戴的护目镜是什么颜色的？",
        "A": "红色和蓝色",
        "B": "白色和黑色",
        "C": "绿色和黄色",
        "D": "紫色和粉色",
        "答案": "B"
    },
    "问题3": {
        "题干": "局部图像中的人物正在做什么？",
        "A": "站立并四处张望",
        "B": "坐着休息",
        "C": "低头专注地进行某项任务",
        "D": "与他人交谈",
        "答案": "C"
    },
    "问题4": {
        "题干": "局部图像中人物的迷彩服材质看起来是什么样的？",
        "A": "金属材质",
        "B": "塑料材质",
        "C": "布料材质",
        "D": "玻璃材质",
        "答案": "C"
    },
    "问题5": {
        "题干": "局部图像中人物的护目镜材质最可能是以下哪种？",
        "A": "布料",
        "B": "金属",
        "C": "塑料或类似材质",
        "D": "陶瓷",
        "答案": "C"
    }
}