{
    "问题1": {
        "题干": "局部图像中的牛肉烩饭碗的主要材质是什么？",
        "A": "陶制",
        "B": "塑料",
        "C": "玻璃",
        "D": "金属",
        "答案": "A"
    },
    "问题2": {
        "题干": "局部图像中放置在牛肉烩饭上的勺子材质是什么？",
        "A": "不锈钢",
        "B": "塑料",
        "C": "木制",
        "D": "陶瓷",
        "答案": "C"
    },
    "问题3": {
        "题干": "局部图像中的牛肉烩饭看起来处于什么状态？",
        "A": "冷的",
        "B": "热气腾腾",
        "C": "已经冷却",
        "D": "半熟",
        "答案": "B"
    },
    "问题4": {
        "题干": "局部图像背景中可以看到什么类型的植物？",
        "A": "仙人掌",
        "B": "绿色叶状植物",
        "C": "多肉植物",
        "D": "花卉",
        "答案": "B"
    },
    "问题5": {
        "题干": "局部图像中牛肉烩饭的主要颜色是什么？",
        "A": "蓝色",
        "B": "绿色",
        "C": "棕色和米色",
        "D": "红色",
        "答案": "C"
    }
}