{
    "问题1": {
        "Question": "椅子的靠背部分有什么特征？",
        "Answer": "复杂的花纹设计"
    },
    "问题2": {
        "Question": "椅子的颜色是什么？",
        "Answer": "深棕色"
    },
    "问题3": {
        "Question": "椅子的材质是什么？",
        "Answer": "木质"
    },
    "问题4": {
        "Question": "椅子上的坐垫颜色是什么？",
        "Answer": "红色"
    },
    "问题5": {
        "Question": "椅子上放置了什么物品？",
        "Answer": "一顶白色帽子和一些物品"
    },
    "问题6": {
        "Question": "椅子的状态如何？",
        "Answer": "空着"
    },
    "问题7": {
        "Question": "椅子的雕刻风格属于哪种类型？",
        "Answer": "精美的雕刻"
    }
}