{
    "问题1": {
        "Question": "台灯的灯罩是什么颜色的？",
        "Answer": "红色"
    },
    "问题2": {
        "Question": "放置台灯的碗是什么颜色的？",
        "Answer": "灰色"
    },
    "问题3": {
        "Question": "台灯的灯座和灯柱的颜色是什么？",
        "Answer": "金色"
    },
    "问题4": {
        "Question": "台灯的灯罩材质最可能是以下哪种？",
        "Answer": "布料或塑料"
    },
    "问题5": {
        "Question": "台灯的灯座和灯柱材质最可能是以下哪种？",
        "Answer": "金属"
    },
    "问题6": {
        "Question": "碗中除了台灯外，还包含什么？",
        "Answer": "装饰物或杂物"
    },
    "问题7": {
        "Question": "背景中的另一个碗是什么颜色的？",
        "Answer": "浅色"
    },
    "问题8": {
        "Question": "台灯当前的状态是怎样的？",
        "Answer": "关闭状态"
    },
    "问题9": {
        "Question": "灯罩的状态描述为以下哪一项？",
        "Answer": "干净整洁"
    },
    "问题10": {
        "Question": "碗中物品的摆放状态是怎样的？",
        "Answer": "摆放随意"
    }
}