{
    "问题1": {
        "题干": "根据局部图像，这把椅子的主要材质是什么？",
        "A": "木质和金属",
        "B": "塑料和玻璃",
        "C": "布艺和竹子",
        "D": "石材和陶瓷",
        "答案": "A"
    },
    "问题2": {
        "题干": "这把椅子的颜色组合是？",
        "A": "红色和白色",
        "B": "蓝色和黄色",
        "C": "棕色和黑色",
        "D": "绿色和粉色",
        "答案": "C"
    },
    "问题3": {
        "题干": "从局部图像中可以看出，这把椅子的状态如何？",
        "A": "破损",
        "B": "老旧",
        "C": "完好",
        "D": "正在维修",
        "答案": "C"
    },
    "问题4": {
        "题干": "这把椅子的靠背设计特点是什么？",
        "A": "非常低矮",
        "B": "较高",
        "C": "完全镂空",
        "D": "带有软垫",
        "答案": "B"
    },
    "问题5": {
        "题干": "根据局部图像，这把椅子的座位部分宽度如何？",
        "A": "非常窄",
        "B": "较宽",
        "C": "极度宽大",
        "D": "无法判断",
        "答案": "B"
    }
}