{
    "问题1": {
        "Question": "局部图像中的架子上摆放的鞋子中，哪种颜色的鞋子最为显眼？",
        "Answer": "白色"
    },
    "问题2": {
        "Question": "局部图像中架子下方的柜子或储物空间，其材质看起来是什么？",
        "Answer": "木质"
    },
    "问题3": {
        "Question": "根据局部图像，架子和柜子的整体状态是怎样的？",
        "Answer": "静止的"
    },
    "问题4": {
        "Question": "在局部图像中，架子上除了白色鞋子外，还可以看到什么颜色的鞋子？",
        "Answer": "紫色"
    }
}