{
    "问题1": {
        "题干": "壁灯的灯罩主要颜色是什么？",
        "A": "红色",
        "B": "蓝色",
        "C": "白色",
        "D": "木质色",
        "答案": "A"
    },
    "问题2": {
        "题干": "灯罩下方的区域包含哪些颜色？",
        "A": "绿色和黄色",
        "B": "黑色和灰色",
        "C": "蓝色和白色",
        "D": "橙色和紫色",
        "答案": "C"
    },
    "问题3": {
        "题干": "壁灯的框架部分材质最可能是以下哪种？",
        "A": "金属",
        "B": "塑料",
        "C": "玻璃",
        "D": "木质",
        "答案": "D"
    },
    "问题4": {
        "题干": "根据图片，这盏壁灯的状态是？",
        "A": "开启状态",
        "B": "闪烁状态",
        "C": "关闭状态",
        "D": "损坏状态",
        "答案": "C"
    },
    "问题5": {
        "题干": "壁灯的灯罩材质最有可能是什么？",
        "A": "金属",
        "B": "布料或塑料",
        "C": "玻璃",
        "D": "陶瓷",
        "答案": "B"
    }
}