{
    "问题1": {
        "题干": "局部图像中的碗里装的是什么颜色的液体？",
        "A": "橙色",
        "B": "蓝色",
        "C": "绿色",
        "D": "黑色",
        "答案": "A"
    },
    "问题2": {
        "题干": "根据局部图像，碗的材质最可能是以下哪种？",
        "A": "塑料",
        "B": "陶瓷",
        "C": "金属",
        "D": "玻璃",
        "答案": "B"
    },
    "问题3": {
        "题干": "局部图像中碗的状态如何？",
        "A": "静止不动",
        "B": "完全空的",
        "C": "液体呈流动状态",
        "D": "倒扣着",
        "答案": "C"
    },
    "问题4": {
        "题干": "局部图像中的碗边是什么颜色的？",
        "A": "红色",
        "B": "白色",
        "C": "黄色",
        "D": "黑色",
        "答案": "B"
    },
    "问题5": {
        "题干": "根据局部图像，碗中的固体物质最可能是什么？",
        "A": "冰块",
        "B": "食物",
        "C": "石头",
        "D": "纸片",
        "答案": "B"
    }
}