{
    "问题1": {
        "题干": "图片中的方形餐桌主要呈现什么颜色？",
        "A": "棕色",
        "B": "红色",
        "C": "白色",
        "D": "黑色",
        "答案": "A"
    },
    "问题2": {
        "题干": "该餐桌的材质最可能是以下哪种？",
        "A": "塑料",
        "B": "金属",
        "C": "木质",
        "D": "玻璃",
        "答案": "C"
    },
    "问题3": {
        "题干": "根据描述，这张餐桌的状态如何？",
        "A": "杂乱无章",
        "B": "破损严重",
        "C": "干净整洁",
        "D": "潮湿发霉",
        "答案": "C"
    },
    "问题4": {
        "题干": "餐桌四角的设计特点是什么？",
        "A": "尖锐突出",
        "B": "完全方形",
        "C": "略微圆润",
        "D": "极度弯曲",
        "答案": "C"
    },
    "问题5": {
        "题干": "餐桌上摆放了哪些物品？",
        "A": "几只盘子和红色的餐巾",
        "B": "多个酒瓶和绿色的餐巾",
        "C": "一些书籍和蓝色的餐巾",
        "D": "几个花瓶和黄色的餐巾",
        "答案": "A"
    }
}