{
    "问题1": {
        "题干": "图片中的年长女性穿着什么颜色的背心？",
        "A": "灰色",
        "B": "蓝色",
        "C": "白色",
        "D": "黑色",
        "答案": "A"
    },
    "问题2": {
        "题干": "年长女性的右手状态是怎样的？",
        "A": "放在腿上",
        "B": "握拳",
        "C": "伸向前方",
        "D": "抬起",
        "答案": "C"
    },
    "问题3": {
        "题干": "年长女性的头发颜色是什么？",
        "A": "白色",
        "B": "金色",
        "C": "黑色",
        "D": "棕色",
        "答案": "C"
    },
    "问题4": {
        "题干": "年长女性内搭的衬衫有什么特征？",
        "A": "纯色",
        "B": "条纹",
        "C": "格子",
        "D": "波点",
        "答案": "B"
    },
    "问题5": {
        "题干": "背景中另一位人物穿着什么颜色的裤子？",
        "A": "黑色",
        "B": "灰色",
        "C": "蓝色",
        "D": "绿色",
        "答案": "C"
    }
}