{
    "问题1": {
        "Question": "茶壶的主要材质是什么？",
        "Answer": "玻璃"
    },
    "问题2": {
        "Question": "茶壶的壶嘴和壶把的设计形状是怎样的？",
        "Answer": "弯曲的"
    },
    "问题3": {
        "Question": "茶壶的壶盖上有什么装饰物？",
        "Answer": "螺旋状的装饰物"
    },
    "问题4": {
        "Question": "茶壶的颜色主要是什么？",
        "Answer": "透明色"
    },
    "问题5": {
        "Question": "茶壶放置在桌面上的状态如何？",
        "Answer": "似乎是空的"
    }
}