{
    "问题1": {
        "Question": "装饰画中展示的三道菜品分别是哪三道？",
        "Answer": "北京豆汁、焦圈和老北京炸酱面"
    },
    "问题2": {
        "Question": "装饰画的主要颜色是什么？",
        "Answer": "棕色和米色"
    },
    "问题3": {
        "Question": "装饰画看起来是用什么材质制作的？",
        "Answer": "印刷在玻璃或塑料上"
    },
    "问题4": {
        "Question": "装饰画的状态如何？",
        "Answer": "干净整洁，没有明显的损坏"
    }
}