{
    "问题1": {
        "Question": "局部图像中的sign背景颜色是什么？",
        "Answer": "灰色"
    },
    "问题2": {
        "Question": "局部图像中sign上的雕刻图案颜色是什么？",
        "Answer": "黑色"
    },
    "问题3": {
        "Question": "局部图像中sign的材质是什么？",
        "Answer": "木质"
    },
    "问题4": {
        "Question": "局部图像中sign上的雕刻图案状态如何？",
        "Answer": "雕刻清晰可见"
    },
    "问题5": {
        "Question": "局部图像中sign上的图案看起来像什么？",
        "Answer": "抽象的符号或文字"
    }
}