{
    "问题1": {
        "题干": "椅子的主要颜色是什么？",
        "A": "灰色",
        "B": "蓝色",
        "C": "白色",
        "D": "红色",
        "答案": "A"
    },
    "问题2": {
        "题干": "椅子的靠背部分有什么图案或标志？",
        "A": "黄色和黑色的条纹",
        "B": "绿色和红色的花朵",
        "C": "蓝色和白色的图案或标志",
        "D": "橙色和紫色的几何图形",
        "答案": "C"
    },
    "问题3": {
        "题干": "椅子的材质看起来是什么？",
        "A": "木质",
        "B": "金属或塑料",
        "C": "布艺",
        "D": "竹制",
        "答案": "B"
    },
    "问题4": {
        "题干": "椅子的状态是怎样的？",
        "A": "倾斜放置",
        "B": "倒在地上",
        "C": "竖直静止",
        "D": "被某人坐着",
        "答案": "C"
    },
    "问题5": {
        "题干": "椅子的靠背和坐垫之间有什么结构？",
        "A": "没有任何支撑结构",
        "B": "有明显的支撑结构",
        "C": "有柔软的连接物",
        "D": "有弹簧装置",
        "答案": "B"
    }
}