{
    "问题1": {
        "题干": "根据图片描述，这把椅子的靠背和坐垫部分的颜色是什么？",
        "A": "红色",
        "B": "蓝色",
        "C": "黄色",
        "D": "绿色",
        "答案": "A"
    },
    "问题2": {
        "题干": "这把椅子的材质最有可能是以下哪种？",
        "A": "塑料",
        "B": "金属",
        "C": "木质",
        "D": "布艺",
        "答案": "C"
    },
    "问题3": {
        "题干": "关于这把椅子的状态，下列描述正确的是？",
        "A": "完全可见",
        "B": "完全遮挡",
        "C": "部分遮挡",
        "D": "倒置放置",
        "答案": "C"
    },
    "问题4": {
        "题干": "从图片中可以看出，这把椅子的设计风格更接近于哪种风格？",
        "A": "现代简约",
        "B": "工业风",
        "C": "中式传统",
        "D": "北欧风格",
        "答案": "C"
    },
    "问题5": {
        "题干": "在这张局部图像中，椅子的哪个部分被遮挡了？",
        "A": "椅腿",
        "B": "椅背",
        "C": "坐垫",
        "D": "扶手",
        "答案": "A"
    }
}