{
    "问题1": {
        "Question": "这把椅子的靠背和坐垫部分是什么颜色的？",
        "Answer": "红色"
    },
    "问题2": {
        "Question": "根据图片，这把椅子的主要材质是什么？",
        "Answer": "木质"
    },
    "问题3": {
        "Question": "在这张局部图像中，椅子的状态如何描述？",
        "Answer": "部分遮挡"
    },
    "问题4": {
        "Question": "椅子的哪个部分在图像中被遮挡了？",
        "Answer": "一部分结构"
    }
}