{
    "问题1": {
        "Question": "茶壶的主要颜色是什么？",
        "Answer": "金色"
    },
    "问题2": {
        "Question": "茶壶的材质看起来是什么？",
        "Answer": "金属"
    },
    "问题3": {
        "Question": "茶壶的壶嘴和壶把设计成什么形状？",
        "Answer": "弯曲状"
    },
    "问题4": {
        "Question": "茶壶的壶盖上有什么特征？",
        "Answer": "有一个小把手"
    },
    "问题5": {
        "Question": "茶壶内的状态如何？",
        "Answer": "壶内有液体和冰块"
    },
    "问题6": {
        "Question": "茶壶表面的状态是什么样的？",
        "Answer": "表面有水珠"
    }
}