{
    "问题1": {
        "题干": "图片中的方形餐桌桌面的颜色是？",
        "A": "深棕色",
        "B": "浅黄色",
        "C": "白色",
        "D": "黑色",
        "答案": "A"
    },
    "问题2": {
        "题干": "该方形餐桌的材质是什么？",
        "A": "塑料",
        "B": "金属",
        "C": "木质",
        "D": "玻璃",
        "答案": "C"
    },
    "问题3": {
        "题干": "图片中餐桌上的餐巾颜色为？",
        "A": "蓝色",
        "B": "红色",
        "C": "绿色",
        "D": "黄色",
        "答案": "B"
    },
    "问题4": {
        "题干": "该餐桌的状态如何？",
        "A": "杂乱无章",
        "B": "破损不堪",
        "C": "干净整洁",
        "D": "潮湿污渍",
        "答案": "C"
    },
    "问题5": {
        "题干": "餐桌上有几个盘子？",
        "A": "一个",
        "B": "两个",
        "C": "三个",
        "D": "四个",
        "答案": "C"
    }
}