{
    "问题1": {
        "题干": "局部图像中的吊灯颜色是什么？",
        "A": "红色",
        "B": "黄色",
        "C": "蓝色",
        "D": "绿色",
        "答案": "A"
    },
    "问题2": {
        "题干": "根据描述，吊灯的材质最可能是以下哪种？",
        "A": "木质",
        "B": "金属或塑料",
        "C": "玻璃",
        "D": "布料",
        "答案": "B"
    },
    "问题3": {
        "题干": "吊灯的状态如何？",
        "A": "损坏",
        "B": "陈旧",
        "C": "完好",
        "D": "缺失",
        "答案": "C"
    },
    "问题4": {
        "题干": "吊灯的表面具有什么特性？",
        "A": "粗糙",
        "B": "磨砂",
        "C": "光滑且有反光效果",
        "D": "透明",
        "答案": "C"
    },
    "问题5": {
        "题干": "吊灯的形状是怎样的？",
        "A": "圆形",
        "B": "正方形",
        "C": "长方形",
        "D": "三角形",
        "答案": "C"
    }
}