{
    "问题1": {
        "Question": "图片中的dining_table主要呈现什么颜色？",
        "Answer": "浅棕色"
    },
    "问题2": {
        "Question": "dining_table的材质是什么？",
        "Answer": "木材"
    },
    "问题3": {
        "Question": "dining_table上的物品摆放状态如何？",
        "Answer": "整洁，物品摆放有序"
    },
    "问题4": {
        "Question": "在dining_table上可以看到哪些类型的物品？",
        "Answer": "瓶子和一些餐具"
    }
}