{
    "问题1": {
        "题干": "图片中的红色椅子的材质是什么？",
        "A": "木质",
        "B": "金属",
        "C": "塑料",
        "D": "布艺",
        "答案": "A"
    },
    "问题2": {
        "题干": "红色椅子的设计风格属于哪种类型？",
        "A": "现代简约",
        "B": "北欧风",
        "C": "传统风格",
        "D": "工业风",
        "答案": "C"
    },
    "问题3": {
        "题干": "红色椅子的腿是什么形状的？",
        "A": "圆形",
        "B": "三角形",
        "C": "方形",
        "D": "椭圆形",
        "答案": "C"
    },
    "问题4": {
        "题干": "红色椅子的状态如何？",
        "A": "破损",
        "B": "老旧",
        "C": "完好",
        "D": "翻新",
        "答案": "C"
    },
    "问题5": {
        "题干": "红色椅子上是否有花纹装饰？",
        "A": "有",
        "B": "无",
        "C": "部分有",
        "D": "不清楚",
        "答案": "A"
    }
}