{
    "问题1": {
        "Question": "局部图像中的植物叶片呈现出什么样的排列方式？",
        "Answer": "羽状排列"
    },
    "问题2": {
        "Question": "局部图像中植物的颜色是什么？",
        "Answer": "绿色"
    },
    "问题3": {
        "Question": "根据局部图像，植物的叶片看起来是硬质还是柔软？",
        "Answer": "柔软"
    },
    "问题4": {
        "Question": "局部图像中的植物生长状态如何？",
        "Answer": "茂盛且健康"
    },
    "问题5": {
        "Question": "局部图像中的植物从地面延伸到图片的哪个部位？",
        "Answer": "上部"
    }
}