{
    "问题1": {
        "Question": "图片中的男性穿着什么颜色的上衣？",
        "Answer": "白色"
    },
    "问题2": {
        "Question": "该男性手中的碗里装的是什么类型的食物？",
        "Answer": "汤"
    },
    "问题3": {
        "Question": "他穿的裤子是什么材质的？",
        "Answer": "牛仔布"
    },
    "问题4": {
        "Question": "他的表情看起来如何？",
        "Answer": "愉快"
    },
    "问题5": {
        "Question": "他正在与旁边的人进行什么活动？",
        "Answer": "交谈"
    }
}