{
    "问题1": {
        "题干": "图片中的男孩穿着什么颜色的衣服？",
        "A": "浅蓝色",
        "B": "深蓝色",
        "C": "白色",
        "D": "红色",
        "答案": "A"
    },
    "问题2": {
        "题干": "男孩手中的物品最有可能是什么？",
        "A": "冰淇淋或甜点",
        "B": "饮料",
        "C": "手机",
        "D": "书本",
        "答案": "A"
    },
    "问题3": {
        "题干": "男孩衣服上的图案颜色是？",
        "A": "绿色",
        "B": "黄色",
        "C": "红色",
        "D": "黑色",
        "答案": "C"
    },
    "问题4": {
        "题干": "根据描述，男孩的状态如何？",
        "A": "正在学习",
        "B": "正在享受他的食物",
        "C": "正在睡觉",
        "D": "正在走路",
        "答案": "B"
    },
    "问题5": {
        "题干": "背景中可以看到哪些颜色的元素？",
        "A": "红色和蓝色",
        "B": "绿色和黄色",
        "C": "橙色和紫色",
        "D": "灰色和棕色",
        "答案": "A"
    }
}