{
    "问题1": {
        "题干": "成年人穿着的外套颜色是？",
        "A": "浅色",
        "B": "深色",
        "C": "黑色",
        "D": "红色",
        "答案": "A"
    },
    "问题2": {
        "题干": "小孩穿着的羽绒服材质是什么？",
        "A": "棉质",
        "B": "牛仔布",
        "C": "羽绒材质",
        "D": "皮革",
        "答案": "C"
    },
    "问题3": {
        "题干": "成年人脚上穿的是什么类型的鞋子？",
        "A": "高跟鞋",
        "B": "白色运动鞋",
        "C": "皮鞋",
        "D": "凉鞋",
        "答案": "B"
    },
    "问题4": {
        "题干": "成年人和小孩的状态是？",
        "A": "成年人站着，小孩在旁边",
        "B": "成年人和小孩都在走路",
        "C": "成年人坐着，小孩坐在成年人的腿上",
        "D": "成年人和小孩都在跑步",
        "答案": "C"
    },
    "问题5": {
        "题干": "成年人裤子的颜色是？",
        "A": "浅色",
        "B": "白色",
        "C": "深色",
        "D": "黄色",
        "答案": "C"
    }
}