{
    "问题1": {
        "题干": "椅子的靠背部分是什么颜色的？",
        "A": "深红色",
        "B": "浅棕色",
        "C": "黑色",
        "D": "白色",
        "答案": "A"
    },
    "问题2": {
        "题干": "椅子的椅腿和扶手部分是由什么材质制成的？",
        "A": "塑料",
        "B": "金属",
        "C": "木质",
        "D": "布艺",
        "答案": "C"
    },
    "问题3": {
        "题干": "根据图片描述，这把椅子的状态如何？",
        "A": "全新无损",
        "B": "有些旧，表面有磨损",
        "C": "非常破旧，无法使用",
        "D": "刚刚翻新过",
        "答案": "B"
    },
    "问题4": {
        "题干": "椅子的靠背和椅腿、扶手的颜色对比是怎样的？",
        "A": "靠背和椅腿、扶手都是深红色",
        "B": "靠背是深红色，椅腿和扶手是浅色木质",
        "C": "靠背是浅色木质，椅腿和扶手是深红色",
        "D": "靠背和椅腿、扶手都是浅色木质",
        "答案": "B"
    },
    "问题5": {
        "题干": "从图片中可以看出，椅子的整体风格更接近于哪种类型？",
        "A": "现代简约风",
        "B": "工业风",
        "C": "传统中式风",
        "D": "北欧风",
        "答案": "C"
    }
}