{
    "问题1": {
        "题干": "吊灯的灯罩颜色是什么？",
        "A": "红色",
        "B": "黄色",
        "C": "蓝色",
        "D": "绿色",
        "答案": "A"
    },
    "问题2": {
        "题干": "吊灯的整体设计风格是怎样的？",
        "A": "复古华丽",
        "B": "简约现代",
        "C": "古典中式",
        "D": "工业风",
        "答案": "B"
    },
    "问题3": {
        "题干": "吊灯的材质最可能是以下哪种？",
        "A": "金属或塑料",
        "B": "木质",
        "C": "玻璃",
        "D": "布艺",
        "答案": "A"
    },
    "问题4": {
        "题干": "吊灯的状态如何？",
        "A": "有明显损坏",
        "B": "部分损坏",
        "C": "完好无损",
        "D": "老旧褪色",
        "答案": "C"
    },
    "问题5": {
        "题干": "吊灯的形状是什么？",
        "A": "圆形",
        "B": "长方形",
        "C": "三角形",
        "D": "不规则形状",
        "答案": "B"
    }
}