{
    "问题1": {
        "Question": "局部图像中的人穿着什么颜色的外套？",
        "Answer": "红色"
    },
    "问题2": {
        "Question": "局部图像中的人坐在椅子上的状态是怎样的？",
        "Answer": "背对镜头"
    },
    "问题3": {
        "Question": "局部图像中的人所穿外套的材质看起来是什么？",
        "Answer": "布料"
    },
    "问题4": {
        "Question": "局部图像中的人正在做什么？",
        "Answer": "坐着"
    }
}