{
    "问题1": {
        "Question": "图片中的男性穿着什么颜色的上衣？",
        "Answer": "白色"
    },
    "问题2": {
        "Question": "坐在男性对面的女性穿着什么颜色的上衣？",
        "Answer": "灰色"
    },
    "问题3": {
        "Question": "餐桌的主要材质是什么？",
        "Answer": "木质"
    },
    "问题4": {
        "Question": "墙壁的颜色是什么？",
        "Answer": "红色"
    },
    "问题5": {
        "Question": "男性正在做什么？",
        "Answer": "用餐"
    },
    "问题6": {
        "Question": "女性在做什么？",
        "Answer": "观察男性"
    },
    "问题7": {
        "Question": "桌子上的碗里装的是什么类型的食物？",
        "Answer": "汤"
    },
    "问题8": {
        "Question": "图片中男性的上衣材质最可能是哪种？",
        "Answer": "棉质"
    }
}