{
    "问题1": {
        "题干": "局部图像中的碗里装的是什么颜色的液体？",
        "A": "黄色",
        "B": "红色",
        "C": "蓝色",
        "D": "绿色",
        "答案": "A"
    },
    "问题2": {
        "题干": "根据局部图像，该碗的材质最可能是以下哪种？",
        "A": "塑料",
        "B": "陶瓷",
        "C": "金属",
        "D": "玻璃",
        "答案": "B"
    },
    "问题3": {
        "题干": "局部图像中碗内的液体表面有何特征？",
        "A": "有反光",
        "B": "完全平静无反光",
        "C": "有气泡",
        "D": "有漩涡",
        "答案": "A"
    },
    "问题4": {
        "题干": "在局部图像中，碗的边缘部分是否可见？",
        "A": "完全不可见",
        "B": "部分可见",
        "C": "完全可见",
        "D": "边缘模糊不清",
        "答案": "B"
    }
}