{
    "问题1": {
        "题干": "局部图像中的年长女性穿着什么颜色的马甲？",
        "A": "灰色",
        "B": "蓝色",
        "C": "黑色",
        "D": "白色",
        "答案": "A"
    },
    "问题2": {
        "题干": "局部图像中年长女性的头发颜色是什么？",
        "A": "金色",
        "B": "棕色",
        "C": "黑色",
        "D": "白色",
        "答案": "C"
    },
    "问题3": {
        "题干": "局部图像中年长女性的右手放在哪里？",
        "A": "膝盖上",
        "B": "桌子上",
        "C": "椅子扶手上",
        "D": "口袋里",
        "答案": "B"
    },
    "问题4": {
        "题干": "局部图像中年长女性的内搭衬衫是什么样式？",
        "A": "纯色衬衫",
        "B": "条纹衬衫",
        "C": "格子衬衫",
        "D": "印花衬衫",
        "答案": "B"
    },
    "问题5": {
        "题干": "局部图像背景中另一位人物穿着什么颜色的裤子？",
        "A": "黑色",
        "B": "灰色",
        "C": "蓝色",
        "D": "棕色",
        "答案": "C"
    }
}