{
    "问题1": {
        "题干": "局部图像中，左边的人表情如何？",
        "A": "面带微笑",
        "B": "眉头紧锁",
        "C": "表情严肃",
        "D": "低头沉思",
        "答案": "A"
    },
    "问题2": {
        "题干": "局部图像中，右边的人正在做什么？",
        "A": "抬头看左边的人",
        "B": "与左边的人握手",
        "C": "低头看着手中的物品",
        "D": "在说话",
        "答案": "C"
    },
    "问题3": {
        "题干": "局部图像的整体色调如何？",
        "A": "明亮鲜艳",
        "B": "色彩斑斓",
        "C": "偏暗",
        "D": "非常亮",
        "答案": "C"
    },
    "问题4": {
        "题干": "局部图像中两个人的穿着颜色是？",
        "A": "浅色衣物",
        "B": "彩色衣物",
        "C": "深色衣物",
        "D": "白色衣物",
        "答案": "C"
    },
    "问题5": {
        "题干": "局部图像中，两人似乎在进行什么活动？",
        "A": "吃饭",
        "B": "跳舞",
        "C": "交流或互动",
        "D": "跑步",
        "答案": "C"
    }
}