{
    "问题1": {
        "题干": "目标物体中的人穿着什么颜色的外套？",
        "A": "迷彩色",
        "B": "黑色",
        "C": "白色",
        "D": "红色",
        "答案": "A"
    },
    "问题2": {
        "题干": "目标物体中的人处于什么状态？",
        "A": "坐着",
        "B": "行走",
        "C": "站立",
        "D": "躺下",
        "答案": "C"
    },
    "问题3": {
        "题干": "目标物体中的人面向哪个方向？",
        "A": "面向前方",
        "B": "面向右侧",
        "C": "面向左侧",
        "D": "面向后方",
        "答案": "C"
    },
    "问题4": {
        "题干": "目标物体中的人外套材质看起来是什么？",
        "A": "丝绸",
        "B": "棉质或合成纤维",
        "C": "皮革",
        "D": "羊毛",
        "答案": "B"
    },
    "问题5": {
        "题干": "目标物体中的人外套上有什么明显的图案？",
        "A": "条纹图案",
        "B": "迷彩图案",
        "C": "波点图案",
        "D": "无图案",
        "答案": "B"
    }
}