{
    "问题1": {
        "Question": "图片中的男孩穿着什么颜色的衣服？",
        "Answer": "浅蓝色"
    },
    "问题2": {
        "Question": "男孩手中的白色物品最有可能是什么？",
        "Answer": "冰淇淋或甜点"
    },
    "问题3": {
        "Question": "男孩衣服上的图案是什么颜色的？",
        "Answer": "红色"
    },
    "问题4": {
        "Question": "根据图片，男孩的状态如何？",
        "Answer": "正在享受他的食物，看起来很开心"
    }
}