{
    "问题1": {
        "题干": "局部图像中的电子设备的主要颜色是什么？",
        "A": "白色",
        "B": "黑色",
        "C": "银色",
        "D": "灰色",
        "答案": "A"
    },
    "问题2": {
        "题干": "该电子设备的材质最可能是以下哪种？",
        "A": "金属",
        "B": "玻璃",
        "C": "塑料",
        "D": "木材",
        "答案": "C"
    },
    "问题3": {
        "题干": "根据局部图像，该电子设备的状态看起来如何？",
        "A": "损坏",
        "B": "老旧",
        "C": "正常",
        "D": "待修",
        "答案": "C"
    },
    "问题4": {
        "题干": "该电子设备顶部有什么特征？",
        "A": "按钮",
        "B": "显示屏",
        "C": "天线",
        "D": "接口",
        "答案": "C"
    },
    "问题5": {
        "题干": "该电子设备前面板上的通风孔主要用于什么？",
        "A": "装饰",
        "B": "散热",
        "C": "连接",
        "D": "显示",
        "答案": "B"
    }
}