{
    "问题1": {
        "题干": "局部图像中的小碗主要颜色是什么？",
        "A": "白色",
        "B": "红色",
        "C": "蓝色",
        "D": "黑色",
        "答案": "A"
    },
    "问题2": {
        "题干": "根据描述，局部图像中小碗的材质最可能是以下哪种？",
        "A": "塑料",
        "B": "陶瓷",
        "C": "金属",
        "D": "玻璃",
        "答案": "B"
    },
    "问题3": {
        "题干": "局部图像中小碗内的液体颜色为？",
        "A": "深棕色",
        "B": "浅棕色",
        "C": "透明色",
        "D": "绿色",
        "答案": "B"
    },
    "问题4": {
        "题干": "局部图像中的小碗边缘和内部的颜色对比如何？",
        "A": "边缘和内部颜色一致",
        "B": "边缘较深，内部较浅",
        "C": "边缘较浅，内部较深",
        "D": "无法判断",
        "答案": "C"
    },
    "问题5": {
        "题干": "根据描述，局部图像中的小碗最适合盛放什么类型的饮品？",
        "A": "冷饮",
        "B": "碳酸饮料",
        "C": "热饮",
        "D": "果汁",
        "答案": "C"
    }
}