{
    "问题1": {
        "题干": "图片中的男性穿着什么颜色的上衣？",
        "A": "白色",
        "B": "蓝色",
        "C": "黑色",
        "D": "灰色",
        "答案": "A"
    },
    "问题2": {
        "题干": "该男性手中的碗里装的是什么类型的食物？",
        "A": "米饭",
        "B": "汤",
        "C": "炒菜",
        "D": "甜点",
        "答案": "B"
    },
    "问题3": {
        "题干": "根据图片，这位男性的裤子材质最可能是以下哪种？",
        "A": "丝绸",
        "B": "牛仔布",
        "C": "羊毛",
        "D": "皮革",
        "答案": "B"
    },
    "问题4": {
        "题干": "这位男性在图片中的状态如何？",
        "A": "正在生气",
        "B": "显得很疲惫",
        "C": "心情愉快",
        "D": "非常紧张",
        "答案": "C"
    },
    "问题5": {
        "题干": "图片中男性的上衣材质看起来是什么样的？",
        "A": "棉质或柔软材质",
        "B": "硬质塑料",
        "C": "金属",
        "D": "玻璃",
        "答案": "A"
    }
}