{
    "问题1": {
        "Question": "局部图像中的植物主要呈现什么颜色？",
        "Answer": "绿色和白色"
    },
    "问题2": {
        "Question": "根据局部图像，植物的顶部白色斑点最可能是什么？",
        "Answer": "花朵或果实"
    },
    "问题3": {
        "Question": "从视觉上看，植物的叶子部分材质如何？",
        "Answer": "柔软"
    },
    "问题4": {
        "Question": "局部图像中的植物整体状态如何？",
        "Answer": "健康，生长茂盛"
    }
}