{
    "问题1": {
        "Question": "椅子的主要颜色是什么？",
        "Answer": "棕色和黑色"
    },
    "问题2": {
        "Question": "椅子的靠背和座位部分使用了什么材质？",
        "Answer": "布料"
    },
    "问题3": {
        "Question": "椅子的整体结构看起来如何？",
        "Answer": "稳固"
    },
    "问题4": {
        "Question": "椅子当前的状态是怎样的？",
        "Answer": "静止，靠墙放置"
    },
    "问题5": {
        "Question": "椅子的框架部分最有可能是由什么材质制成的？",
        "Answer": "木质"
    }
}