{
    "问题1": {
        "题干": "图片中的茶壶主要呈现什么颜色？",
        "A": "金色",
        "B": "银色",
        "C": "红色",
        "D": "蓝色",
        "答案": "A"
    },
    "问题2": {
        "题干": "茶壶的材质最可能是以下哪种？",
        "A": "塑料",
        "B": "陶瓷",
        "C": "金属",
        "D": "玻璃",
        "答案": "C"
    },
    "问题3": {
        "题干": "茶壶的壶嘴和壶把设计成何种形状？",
        "A": "直线状",
        "B": "弯曲状",
        "C": "环形",
        "D": "方形",
        "答案": "B"
    },
    "问题4": {
        "题干": "茶壶表面的状态如何？",
        "A": "干燥无痕",
        "B": "有水珠",
        "C": "有裂纹",
        "D": "有划痕",
        "答案": "B"
    },
    "问题5": {
        "题干": "茶壶内部装有什么？",
        "A": "纯茶",
        "B": "热水",
        "C": "茶和冰块",
        "D": "冷饮",
        "答案": "C"
    }
}