{
    "问题1": {
        "题干": "局部图像中的dining_table的主要颜色是什么？",
        "A": "棕色和红色",
        "B": "蓝色和白色",
        "C": "绿色和黄色",
        "D": "黑色和灰色",
        "答案": "A"
    },
    "问题2": {
        "题干": "局部图像中的dining_table的材质最可能是哪种？",
        "A": "塑料",
        "B": "金属",
        "C": "木质",
        "D": "玻璃",
        "答案": "C"
    },
    "问题3": {
        "题干": "局部图像中的dining_table上的状态如何描述？",
        "A": "杂乱无章",
        "B": "空无一物",
        "C": "整洁，上面有一些物品摆放",
        "D": "破损不堪",
        "答案": "C"
    },
    "问题4": {
        "题干": "局部图像中的dining_table位于画面的哪个位置？",
        "A": "底部",
        "B": "中部",
        "C": "上部",
        "D": "右下角",
        "答案": "C"
    },
    "问题5": {
        "题干": "局部图像中的dining_table上的物品包括什么？（根据描述选择最合适的选项）",
        "A": "只有一张空白纸张",
        "B": "一些餐具和食物",
        "C": "一台笔记本电脑",
        "D": "一个大型花瓶",
        "答案": "B"
    }
}