{
    "问题1": {
        "题干": "根据图片描述，dining_table的主要材质是什么？",
        "A": "玻璃和金属",
        "B": "木质",
        "C": "塑料",
        "D": "石材",
        "答案": "A"
    },
    "问题2": {
        "题干": "dining_table的框架颜色最可能是以下哪种？",
        "A": "红色",
        "B": "银色或灰色",
        "C": "金色",
        "D": "黑色",
        "答案": "B"
    },
    "问题3": {
        "题干": "dining_table的状态如何？",
        "A": "杂乱无章",
        "B": "空无一物",
        "C": "整洁，有一些物品",
        "D": "破损不堪",
        "答案": "C"
    },
    "问题4": {
        "题干": "dining_table的表面具有什么特性？",
        "A": "完全不透明",
        "B": "反射周围环境，有光泽",
        "C": "粗糙无光泽",
        "D": "带有彩色图案",
        "答案": "B"
    },
    "问题5": {
        "题干": "dining_table的设计风格更倾向于哪种类型？",
        "A": "现代简约",
        "B": "工业风",
        "C": "传统中式",
        "D": "北欧风",
        "答案": "A"
    }
}