{
    "问题1": {
        "Question": "局部图像中的小碗主要是什么材质制成的？",
        "Answer": "陶瓷"
    },
    "问题2": {
        "Question": "局部图像中小碗内的液体颜色为？",
        "Answer": "浅棕色"
    },
    "问题3": {
        "Question": "局部图像中的小碗整体颜色为？",
        "Answer": "白色"
    },
    "问题4": {
        "Question": "局部图像中的小碗状态如何？",
        "Answer": "装有液体，液体颜色为浅棕色"
    }
}