{
    "问题1": {
        "题干": "椅子的靠背和座位部分的颜色是？",
        "A": "深色",
        "B": "浅色",
        "C": "红色",
        "D": "黄色",
        "答案": "A"
    },
    "问题2": {
        "题干": "椅子的材质最可能是以下哪种？",
        "A": "金属",
        "B": "布艺",
        "C": "木质或塑料",
        "D": "玻璃",
        "答案": "C"
    },
    "问题3": {
        "题干": "椅子的状态如何？",
        "A": "有明显的损坏",
        "B": "正在被移动",
        "C": "静止且无明显损坏",
        "D": "部分缺失",
        "答案": "C"
    },
    "问题4": {
        "题干": "椅子的靠背部分有何特征？",
        "A": "没有支撑结构",
        "B": "支撑结构不明显",
        "C": "有明显的支撑结构",
        "D": "完全透明",
        "答案": "C"
    }
}