{
    "问题1": {
        "题干": "碗中的液体颜色是什么？",
        "A": "橙色",
        "B": "黄色",
        "C": "红色",
        "D": "绿色",
        "答案": "A"
    },
    "问题2": {
        "题干": "碗的边缘看起来是什么材质？",
        "A": "塑料",
        "B": "金属",
        "C": "陶瓷",
        "D": "玻璃",
        "答案": "C"
    },
    "问题3": {
        "题干": "碗的状态如何？",
        "A": "空的",
        "B": "半满",
        "C": "很满",
        "D": "溢出",
        "答案": "C"
    },
    "问题4": {
        "题干": "碗中除了液体外，还可能含有什么？",
        "A": "固体物质",
        "B": "冰块",
        "C": "气体",
        "D": "无其他物质",
        "答案": "A"
    },
    "问题5": {
        "题干": "碗的整体外观风格更接近于哪种类型？",
        "A": "现代简约",
        "B": "手工制作",
        "C": "工业风",
        "D": "未来科技",
        "答案": "B"
    }
}