{
    "问题1": {
        "Question": "局部图像中的人物穿着什么颜色的衣服？",
        "Answer": "浅色"
    },
    "问题2": {
        "Question": "根据局部图像，人物的头发是如何处理的？",
        "Answer": "扎起"
    },
    "问题3": {
        "Question": "局部图像中的人物看起来处于什么状态？",
        "Answer": "放松"
    },
    "问题4": {
        "Question": "局部图像中人物的衣服材质看起来是什么？",
        "Answer": "布料"
    }
}