{
    "问题1": {
        "Question": "局部图像中的红色长方形物体最可能是什么材质制成的？",
        "Answer": "金属或塑料"
    },
    "问题2": {
        "Question": "根据局部图像，红色长方形物体的状态是怎样的？",
        "Answer": "关闭状态，没有明显的光源"
    },
    "问题3": {
        "Question": "在全图中，与局部图像中的红色长方形物体相似的物体主要分布在哪个区域？",
        "Answer": "餐厅的天花板上"
    },
    "问题4": {
        "Question": "局部图像中的红色长方形物体的颜色具体表现为哪种色调？",
        "Answer": "鲜艳的红色"
    }
}