{
    "问题1": {
        "题干": "局部图像中的人穿着什么颜色的上衣？",
        "A": "迷彩绿色和棕色",
        "B": "纯白色",
        "C": "深蓝色",
        "D": "红色和黑色",
        "答案": "A"
    },
    "问题2": {
        "题干": "根据局部图像，此人的上衣材质最可能是哪种？",
        "A": "皮革",
        "B": "丝绸",
        "C": "布料",
        "D": "金属",
        "答案": "C"
    },
    "问题3": {
        "题干": "局部图像中的人正在做什么？",
        "A": "跑步",
        "B": "专注地进行某项任务",
        "C": "跳舞",
        "D": "睡觉",
        "答案": "B"
    },
    "问题4": {
        "题干": "局部图像的背景颜色是什么？",
        "A": "黄色",
        "B": "红色",
        "C": "蓝色",
        "D": "绿色",
        "答案": "C"
    }
}