{
    "问题1": {
        "Question": "椅子的主要颜色是什么？",
        "Answer": "深棕色"
    },
    "问题2": {
        "Question": "椅子的材质看起来是什么？",
        "Answer": "木质"
    },
    "问题3": {
        "Question": "椅子的椅背和扶手部分有什么装饰？",
        "Answer": "金色装饰"
    },
    "问题4": {
        "Question": "椅子的整体状态如何？",
        "Answer": "保存完好"
    },
    "问题5": {
        "Question": "椅子的雕刻图案复杂吗？",
        "Answer": "是"
    }
}