{
    "问题1": {
        "题干": "局部图像中的红色长方形物体最可能是什么材质？",
        "A": "金属",
        "B": "塑料",
        "C": "玻璃",
        "D": "木材",
        "答案": "A"
    },
    "问题2": {
        "题干": "根据局部图像，该红色长方形物体的状态如何？",
        "A": "有明显损坏",
        "B": "部分破损",
        "C": "完好无损",
        "D": "严重锈蚀",
        "答案": "C"
    },
    "问题3": {
        "题干": "局部图像中的红色长方形物体最有可能是以下哪种物品的一部分？",
        "A": "车辆的尾灯",
        "B": "建筑物的装饰",
        "C": "家具的一部分",
        "D": "电子设备的外壳",
        "答案": "A"
    },
    "问题4": {
        "题干": "局部图像中的红色长方形物体的颜色描述正确的是？",
        "A": "深红色",
        "B": "浅粉色",
        "C": "橙色",
        "D": "玫红色",
        "答案": "A"
    }
}