{
    "问题1": {
        "Question": "图片中的dining_table主要材质是什么？",
        "Answer": "玻璃和金属"
    },
    "问题2": {
        "Question": "桌子的框架颜色最可能是以下哪种？",
        "Answer": "银色或灰色"
    },
    "问题3": {
        "Question": "桌子表面的状态如何描述？",
        "Answer": "整洁，有一些物品但不杂乱"
    },
    "问题4": {
        "Question": "桌子边缘的框架材质是什么？",
        "Answer": "金属"
    }
}