{
    "问题1": {
        "Question": "局部图像中的sign主要由哪两种颜色组成？",
        "Answer": "红色和黄色"
    },
    "问题2": {
        "Question": "局部图像中的sign贴在什么材质的表面上？",
        "Answer": "白色表面"
    },
    "问题3": {
        "Question": "局部图像中的sign的形状是什么？",
        "Answer": "长方形"
    },
    "问题4": {
        "Question": "局部图像中的sign的状态如何？",
        "Answer": "粘贴"
    }
}