{
    "问题1": {
        "Question": "局部图像中展示的北京豆汁包装上，哪一张图片显示的是空碟子？",
        "Answer": "右下角的图片"
    },
    "问题2": {
        "Question": "局部图像中的北京豆汁包装背景主要是什么颜色？",
        "Answer": "深色"
    },
    "问题3": {
        "Question": "局部图像中，‘北京豆汁’这四个字的颜色是？",
        "Answer": "浅色"
    },
    "问题4": {
        "Question": "根据局部图像，北京豆汁的包装材质看起来像是什么？",
        "Answer": "纸质"
    },
    "问题5": {
        "Question": "局部图像中，装有豆渣的小碟子位于包装上的哪个位置？",
        "Answer": "右上角"
    }
}