{
    "问题1": {
        "题干": "局部图像中的电子设备主体颜色是什么？",
        "A": "黄色",
        "B": "红色",
        "C": "蓝色",
        "D": "绿色",
        "答案": "A"
    },
    "问题2": {
        "题干": "局部图像中的电子设备前面板的网状结构主要用于什么？",
        "A": "装饰",
        "B": "散热",
        "C": "显示",
        "D": "接收信号",
        "答案": "B"
    },
    "问题3": {
        "题干": "局部图像中的电子设备顶部有什么突出部件？",
        "A": "按钮",
        "B": "天线",
        "C": "摄像头",
        "D": "扬声器",
        "答案": "B"
    },
    "问题4": {
        "题干": "局部图像中的电子设备材质最可能是以下哪种？",
        "A": "金属",
        "B": "玻璃",
        "C": "塑料",
        "D": "木材",
        "答案": "C"
    },
    "问题5": {
        "题干": "局部图像中的电子设备当前处于什么状态？",
        "A": "静止",
        "B": "移动",
        "C": "闪烁",
        "D": "旋转",
        "答案": "A"
    }
}