{
    "问题1": {
        "题干": "局部图像中的人物穿着什么颜色的衣服？",
        "A": "浅色系",
        "B": "深色系",
        "C": "红色",
        "D": "黑色",
        "答案": "A"
    },
    "问题2": {
        "题干": "局部图像中的人物头发的状态是怎样的？",
        "A": "散开的",
        "B": "短发",
        "C": "扎起的",
        "D": "卷发",
        "答案": "C"
    },
    "问题3": {
        "题干": "局部图像中的人物看起来处于什么状态？",
        "A": "紧张",
        "B": "放松",
        "C": "生气",
        "D": "惊讶",
        "答案": "B"
    },
    "问题4": {
        "题干": "局部图像中人物的衣服材质看起来是什么？",
        "A": "金属",
        "B": "皮革",
        "C": "布料",
        "D": "塑料",
        "答案": "C"
    },
    "问题5": {
        "题干": "局部图像中的人物表情如何？",
        "A": "面带微笑",
        "B": "愁眉苦脸",
        "C": "无表情",
        "D": "哭泣",
        "答案": "A"
    }
}