{
    "问题1": {
        "Question": "柜子的主要材质是什么？",
        "Answer": "木质"
    },
    "问题2": {
        "Question": "柜子的颜色组合是？",
        "Answer": "棕色和黑色"
    },
    "问题3": {
        "Question": "柜子的顶部放置了什么类型的物品？",
        "Answer": "一些物品"
    },
    "问题4": {
        "Question": "柜子右侧的小架子主要用于什么？",
        "Answer": "装饰或放置小物件"
    },
    "问题5": {
        "Question": "柜子的整体状态如何？",
        "Answer": "完好"
    },
    "问题6": {
        "Question": "柜子的风格属于哪种类型？",
        "Answer": "传统中式"
    },
    "问题7": {
        "Question": "柜子上是否有雕刻装饰？",
        "Answer": "有"
    }
}