{
    "问题1": {
        "题干": "局部图像中的sign背景颜色是什么？",
        "A": "灰色",
        "B": "红色",
        "C": "白色",
        "D": "黑色",
        "答案": "A"
    },
    "问题2": {
        "题干": "局部图像中的雕刻图案的颜色是？",
        "A": "红色",
        "B": "白色",
        "C": "黑色",
        "D": "金色",
        "答案": "C"
    },
    "问题3": {
        "题干": "局部图像中的sign材质是什么？",
        "A": "塑料",
        "B": "金属",
        "C": "木质",
        "D": "玻璃",
        "答案": "C"
    },
    "问题4": {
        "题干": "局部图像中的雕刻图案状态如何？",
        "A": "模糊不清",
        "B": "部分损坏",
        "C": "完好，雕刻清晰可见",
        "D": "完全消失",
        "答案": "C"
    },
    "问题5": {
        "题干": "局部图像中的雕刻图案看起来像什么？",
        "A": "具体的动物形象",
        "B": "抽象的符号或文字",
        "C": "自然风景",
        "D": "现代艺术风格",
        "答案": "B"
    }
}