{
    "问题1": {
        "题干": "这把椅子的主要颜色是什么？",
        "A": "红色",
        "B": "蓝色",
        "C": "黑色",
        "D": "黄色",
        "答案": "A"
    },
    "问题2": {
        "题干": "椅子的框架材质最可能是以下哪种？",
        "A": "塑料",
        "B": "木头",
        "C": "金属",
        "D": "布料",
        "答案": "C"
    },
    "问题3": {
        "题干": "目前这把椅子的状态是？",
        "A": "有人坐着",
        "B": "破损",
        "C": "空闲",
        "D": "倒置",
        "答案": "C"
    },
    "问题4": {
        "题干": "椅子的靠背和坐垫的颜色是？",
        "A": "蓝色",
        "B": "红色",
        "C": "绿色",
        "D": "白色",
        "答案": "B"
    },
    "问题5": {
        "题干": "这把椅子位于桌子的哪一侧？",
        "A": "右侧",
        "B": "左侧",
        "C": "前方",
        "D": "后方",
        "答案": "B"
    }
}