{
    "问题1": {
        "题干": "局部图像中的植物叶片呈现何种排列方式？",
        "A": "羽状排列",
        "B": "掌状排列",
        "C": "对生排列",
        "D": "轮生排列",
        "答案": "A"
    },
    "问题2": {
        "题干": "局部图像中的植物颜色为？",
        "A": "黄色",
        "B": "红色",
        "C": "绿色",
        "D": "蓝色",
        "答案": "C"
    },
    "问题3": {
        "题干": "根据局部图像，植物的材质看起来是怎样的？",
        "A": "坚硬如石",
        "B": "柔软",
        "C": "金属质感",
        "D": "塑料质感",
        "答案": "B"
    },
    "问题4": {
        "题干": "局部图像中的植物状态如何？",
        "A": "枯萎",
        "B": "病态",
        "C": "茂盛健康",
        "D": "刚发芽",
        "答案": "C"
    },
    "问题5": {
        "题干": "局部图像中的植物高度如何？",
        "A": "非常矮小",
        "B": "适中，从地面延伸到图片上部",
        "C": "极高，超过画面范围",
        "D": "刚刚出土",
        "答案": "B"
    }
}