{
    "问题1": {
        "Question": "吊灯的颜色是什么？",
        "Answer": "红色"
    },
    "问题2": {
        "Question": "吊灯的材质描述中，框架部分是由什么材料制成的？",
        "Answer": "金属"
    },
    "问题3": {
        "Question": "吊灯的灯罩可能是由哪种材料制成的？",
        "Answer": "玻璃或塑料"
    },
    "问题4": {
        "Question": "根据图片描述，吊灯当前的状态是怎样的？",
        "Answer": "关闭状态，没有点亮"
    },
    "问题5": {
        "Question": "吊灯的外观形状是什么样的？",
        "Answer": "矩形"
    }
}