{
    "问题1": {
        "题干": "局部图像中的架子上摆放的鞋子主要颜色有哪些？",
        "A": "白色和紫色",
        "B": "红色和蓝色",
        "C": "黑色和绿色",
        "D": "黄色和橙色",
        "答案": "A"
    },
    "问题2": {
        "题干": "局部图像中架子和柜子的材质看起来是什么？",
        "A": "金属",
        "B": "塑料",
        "C": "木质",
        "D": "玻璃",
        "答案": "C"
    },
    "问题3": {
        "题干": "局部图像中架子下方的柜子或储物空间内有什么特征？",
        "A": "空无一物",
        "B": "摆放着一些物品",
        "C": "有明显的使用痕迹",
        "D": "放置了一台电器",
        "答案": "B"
    },
    "问题4": {
        "题干": "局部图像的整体颜色如何描述？",
        "A": "明亮鲜艳",
        "B": "色彩斑斓",
        "C": "整体颜色较暗",
        "D": "以冷色调为主",
        "答案": "C"
    },
    "问题5": {
        "题干": "局部图像中的架子和柜子的状态是怎样的？",
        "A": "正在被使用",
        "B": "有明显的磨损",
        "C": "静止且没有明显使用痕迹",
        "D": "部分损坏",
        "答案": "C"
    }
}