{
    "问题1": {
        "题干": "图片中的椅子主要采用哪种材质制成？",
        "A": "木质",
        "B": "金属",
        "C": "塑料",
        "D": "布艺",
        "答案": "A"
    },
    "问题2": {
        "题干": "椅子的椅背和椅面上有哪些颜色的装饰图案？",
        "A": "蓝色和白色",
        "B": "绿色和黄色",
        "C": "红色和金色",
        "D": "黑色和银色",
        "答案": "C"
    },
    "问题3": {
        "题干": "根据图片描述，这把椅子属于哪种风格？",
        "A": "现代简约风格",
        "B": "传统中式风格",
        "C": "北欧风格",
        "D": "工业风格",
        "答案": "B"
    },
    "问题4": {
        "题干": "椅子的状态如何？",
        "A": "破损严重",
        "B": "部分损坏",
        "C": "完好",
        "D": "无法判断",
        "答案": "C"
    },
    "问题5": {
        "题干": "椅子的椅背高度如何？",
        "A": "非常低",
        "B": "适中",
        "C": "较高",
        "D": "极低",
        "答案": "C"
    }
}