{
    "问题1": {
        "Question": "图片中的中式椅子椅背上的花纹设计是什么样的？",
        "Answer": "雕刻精美且复杂"
    },
    "问题2": {
        "Question": "椅子的坐垫颜色是什么？",
        "Answer": "红色"
    },
    "问题3": {
        "Question": "椅子的主要材质是什么？",
        "Answer": "木质"
    },
    "问题4": {
        "Question": "椅子上放置了什么物品？",
        "Answer": "一顶白色帽子"
    },
    "问题5": {
        "Question": "椅子的整体颜色是什么？",
        "Answer": "深棕色"
    }
}