{
    "问题1": {
        "题干": "局部图像中的红色长方形物体最可能是什么材质？",
        "A": "金属",
        "B": "木材",
        "C": "玻璃",
        "D": "布料",
        "答案": "A"
    },
    "问题2": {
        "题干": "根据局部图像，该红色长方形物体的状态是？",
        "A": "开启状态，发出亮光",
        "B": "闪烁状态，间歇发光",
        "C": "关闭状态，无明显光源",
        "D": "半开状态，微弱发光",
        "答案": "C"
    },
    "问题3": {
        "题干": "局部图像中的红色长方形物体在全图中的位置最接近于哪里？",
        "A": "餐厅的中央吊灯",
        "B": "餐桌上的装饰品",
        "C": "墙上的装饰灯具",
        "D": "门口的标识牌",
        "答案": "C"
    },
    "问题4": {
        "题干": "局部图像中的红色长方形物体的颜色描述正确的是？",
        "A": "深红色，带有光泽",
        "B": "浅粉色，较为柔和",
        "C": "橙红色，非常鲜艳",
        "D": "暗红色，略显陈旧",
        "答案": "A"
    },
    "问题5": {
        "题干": "根据局部图像和全图，该红色长方形物体的功能最可能是？",
        "A": "提供照明的灯具",
        "B": "用于装饰的挂件",
        "C": "指示方向的标志",
        "D": "存放物品的容器",
        "答案": "A"
    }
}