{
    "问题1": {
        "Question": "图片中的年长女性穿着什么颜色的背心？",
        "Answer": "灰色"
    },
    "问题2": {
        "Question": "年长女性的右手状态如何？",
        "Answer": "伸向前方"
    },
    "问题3": {
        "Question": "年长女性的头发颜色是什么？",
        "Answer": "黑色"
    },
    "问题4": {
        "Question": "背景中另一位人物穿着什么颜色的裤子？",
        "Answer": "蓝色"
    },
    "问题5": {
        "Question": "年长女性的条纹衬衫可能由什么材质制成？",
        "Answer": "棉质或混纺材质"
    }
}