{
    "问题1": {
        "Question": "目标物体的颜色是什么？",
        "Answer": "红色"
    },
    "问题2": {
        "Question": "目标物体的材质描述中，灯罩可能是由什么材料制成的？",
        "Answer": "玻璃或塑料"
    },
    "问题3": {
        "Question": "目标物体当前的状态是怎样的？",
        "Answer": "关闭状态"
    },
    "问题4": {
        "Question": "目标物体的外观形状是什么样的？",
        "Answer": "矩形的吊灯"
    }
}