{
    "问题1": {
        "题干": "柜子的主要材质是什么？",
        "A": "木质",
        "B": "金属",
        "C": "塑料",
        "D": "玻璃",
        "答案": "A"
    },
    "问题2": {
        "题干": "柜子的颜色组合是？",
        "A": "红色和白色",
        "B": "棕色和黑色",
        "C": "蓝色和黄色",
        "D": "绿色和灰色",
        "答案": "B"
    },
    "问题3": {
        "题干": "柜子的顶部放置了什么类型的物品？",
        "A": "书籍",
        "B": "装饰品",
        "C": "餐具",
        "D": "电子设备",
        "答案": "B"
    },
    "问题4": {
        "题干": "柜子右侧的小架子主要用于什么？",
        "A": "存放餐具",
        "B": "展示艺术品",
        "C": "放置调味品",
        "D": "支撑结构",
        "答案": "C"
    },
    "问题5": {
        "题干": "柜子的整体状态如何？",
        "A": "破损",
        "B": "陈旧",
        "C": "完好",
        "D": "翻新中",
        "答案": "C"
    }
}