{
    "问题1": {
        "Question": "目标物体的主要颜色是什么？",
        "Answer": "白色和蓝色"
    },
    "问题2": {
        "Question": "冰箱门上贴的是什么？",
        "Answer": "一张纸或海报"
    },
    "问题3": {
        "Question": "该目标物体的材质主要由什么构成？",
        "Answer": "金属和玻璃"
    },
    "问题4": {
        "Question": "冰箱门的状态如何？",
        "Answer": "关闭"
    },
    "问题5": {
        "Question": "根据图片判断，该目标物体的功能状态是否正常？",
        "Answer": "正常"
    }
}