{
    "问题1": {
        "Question": "椅子的主要颜色是什么？",
        "Answer": "灰色"
    },
    "问题2": {
        "Question": "椅子的靠背部分有什么图案或标志？",
        "Answer": "蓝色和白色的图案或标志"
    },
    "问题3": {
        "Question": "椅子看起来是由什么材质制成的？",
        "Answer": "金属或塑料"
    },
    "问题4": {
        "Question": "椅子的状态是怎样的？",
        "Answer": "竖直且静止"
    },
    "问题5": {
        "Question": "椅子的靠背和坐垫之间有什么明显的结构？",
        "Answer": "支撑结构"
    }
}