{
    "问题1": {
        "题干": "局部图像中的人穿着什么颜色的外套？",
        "A": "红色",
        "B": "蓝色",
        "C": "黑色",
        "D": "白色",
        "答案": "A"
    },
    "问题2": {
        "题干": "局部图像中的人坐在椅子上的状态是？",
        "A": "面向镜头",
        "B": "侧对镜头",
        "C": "背对镜头",
        "D": "站立",
        "答案": "C"
    },
    "问题3": {
        "题干": "局部图像中的人所穿外套的材质看起来是什么？",
        "A": "皮革",
        "B": "金属",
        "C": "布料",
        "D": "塑料",
        "答案": "C"
    },
    "问题4": {
        "题干": "局部图像中的人坐在什么样的椅子上？",
        "A": "高脚凳",
        "B": "沙发椅",
        "C": "木质椅子",
        "D": "塑料椅子",
        "答案": "C"
    }
}