{
    "问题1": {
        "题干": "局部图像中的架子主要由什么材质制成？",
        "A": "木材",
        "B": "金属",
        "C": "塑料",
        "D": "玻璃",
        "答案": "A"
    },
    "问题2": {
        "题干": "架子的上层放置了几罐物品，这些物品的颜色主要是？",
        "A": "红色",
        "B": "棕色",
        "C": "蓝色",
        "D": "绿色",
        "答案": "B"
    },
    "问题3": {
        "题干": "架子的下层状态如何？",
        "A": "完全空的",
        "B": "放置了大量物品",
        "C": "部分物品放置",
        "D": "有几罐物品",
        "答案": "A"
    },
    "问题4": {
        "题干": "架子前面有一层什么材质的网？",
        "A": "塑料网",
        "B": "金属网",
        "C": "尼龙网",
        "D": "竹制网",
        "答案": "B"
    },
    "问题5": {
        "题干": "根据描述和图像，架子的整体颜色为？",
        "A": "白色",
        "B": "黑色",
        "C": "棕色",
        "D": "灰色",
        "答案": "C"
    }
}