{
    "问题1": {
        "题干": "成年人穿着的上衣颜色是？",
        "A": "浅灰色",
        "B": "深蓝色",
        "C": "白色",
        "D": "黑色",
        "答案": "A"
    },
    "问题2": {
        "题干": "小孩坐在成年人的什么位置？",
        "A": "前面",
        "B": "后面",
        "C": "肩膀上",
        "D": "怀里",
        "答案": "C"
    },
    "问题3": {
        "题干": "成年人脚上穿的是哪种类型的鞋子？",
        "A": "皮鞋",
        "B": "凉鞋",
        "C": "白色运动鞋",
        "D": "拖鞋",
        "答案": "C"
    },
    "问题4": {
        "题干": "小孩穿着的羽绒服颜色是？",
        "A": "深色",
        "B": "浅色",
        "C": "红色",
        "D": "黑色",
        "答案": "B"
    },
    "问题5": {
        "题干": "成年人和小孩的状态是？",
        "A": "坐着",
        "B": "跑步",
        "C": "站立，小孩在向前看",
        "D": "躺着",
        "答案": "C"
    }
}