{
    "问题1": {
        "Question": "图片中的方形餐桌表面是什么颜色的？",
        "Answer": "棕色"
    },
    "问题2": {
        "Question": "方形餐桌的材质是什么？",
        "Answer": "木质"
    },
    "问题3": {
        "Question": "桌子上的餐巾是什么颜色的？",
        "Answer": "红色"
    },
    "问题4": {
        "Question": "方形餐桌的整体设计风格是怎样的？",
        "Answer": "简约"
    },
    "问题5": {
        "Question": "桌子的四角设计有何特点？",
        "Answer": "略微圆润"
    },
    "问题6": {
        "Question": "方形餐桌的状态如何？",
        "Answer": "干净整洁"
    }
}