{
    "问题1": {
        "Question": "局部图像中的盘子是什么颜色的？",
        "Answer": "深蓝色"
    },
    "问题2": {
        "Question": "盘子上的食物最有可能是什么类型的食物？",
        "Answer": "炸鸡块或炸丸子"
    },
    "问题3": {
        "Question": "盘子底部的液体最有可能是什么？",
        "Answer": "油或酱汁"
    },
    "问题4": {
        "Question": "根据描述，盘子的材质是什么？",
        "Answer": "塑料"
    },
    "问题5": {
        "Question": "盘子的状态如何描述？",
        "Answer": "盘子中装有食物，底部有液体残留。"
    }
}