{
    "问题1": {
        "题干": "根据描述，灯罩的颜色是以下哪种组合？",
        "A": "橙色和粉色",
        "B": "红色和黄色",
        "C": "蓝色和绿色",
        "D": "白色和黑色",
        "答案": "A"
    },
    "问题2": {
        "题干": "灯罩的材质最有可能是什么？",
        "A": "玻璃",
        "B": "金属",
        "C": "塑料",
        "D": "木质",
        "答案": "C"
    },
    "问题3": {
        "题干": "这盏灯当前的状态是？",
        "A": "开启",
        "B": "闪烁",
        "C": "关闭",
        "D": "故障",
        "答案": "C"
    },
    "问题4": {
        "题干": "灯罩的形状描述为？",
        "A": "圆形",
        "B": "长方形",
        "C": "三角形",
        "D": "正方形",
        "答案": "B"
    },
    "问题5": {
        "题干": "灯罩上是否有装饰图案？",
        "A": "有",
        "B": "没有",
        "C": "不确定",
        "D": "部分有",
        "答案": "A"
    }
}