{
    "问题1": {
        "题干": "局部图像中的人物穿着什么颜色的外套？",
        "A": "迷彩绿和棕色",
        "B": "纯黑色",
        "C": "纯白色",
        "D": "纯红色",
        "答案": "A"
    },
    "问题2": {
        "题干": "局部图像中人物脚上穿的是哪种类型的鞋子？",
        "A": "高跟鞋",
        "B": "白色运动鞋",
        "C": "黑色皮鞋",
        "D": "凉鞋",
        "答案": "B"
    },
    "问题3": {
        "题干": "局部图像中的人物处于什么状态？",
        "A": "坐着",
        "B": "躺着",
        "C": "站立",
        "D": "跑步",
        "答案": "C"
    },
    "问题4": {
        "题干": "局部图像中人物的外套材质是什么？",
        "A": "丝绸",
        "B": "迷彩布料",
        "C": "棉质",
        "D": "皮革",
        "答案": "B"
    },
    "问题5": {
        "题干": "局部图像中人物是否戴着帽子？",
        "A": "是",
        "B": "否",
        "C": "不确定",
        "D": "戴眼镜",
        "答案": "A"
    }
}