{
    "问题1": {
        "Question": "局部图像中的碗是什么材质的？",
        "Answer": "陶瓷"
    },
    "问题2": {
        "Question": "局部图像中菜肴的主要颜色有哪些？",
        "Answer": "棕色、绿色和黄色"
    },
    "问题3": {
        "Question": "局部图像中的菜肴看起来像是什么类型的菜品？",
        "Answer": "炒面或炒饭"
    },
    "问题4": {
        "Question": "局部图像中碗的颜色是怎样的？",
        "Answer": "浅色"
    },
    "问题5": {
        "Question": "局部图像中的菜肴状态如何？",
        "Answer": "已经准备好的"
    }
}