{
    "问题1": {
        "Question": "局部图像中左边的人表情如何？",
        "Answer": "面带微笑"
    },
    "问题2": {
        "Question": "局部图像中右边的人正在做什么？",
        "Answer": "低头看着手中的物品"
    },
    "问题3": {
        "Question": "局部图像的整体色调如何？",
        "Answer": "偏暗"
    },
    "问题4": {
        "Question": "局部图像中两个人的状态是什么？",
        "Answer": "似乎在进行某种交流或活动"
    }
}