{
    "问题1": {
        "题干": "局部图像中的人物头发颜色为？",
        "A": "浅色",
        "B": "黑色",
        "C": "棕色",
        "D": "红色",
        "答案": "A"
    },
    "问题2": {
        "题干": "局部图像中的人物当前的状态是？",
        "A": "抬头看",
        "B": "站立",
        "C": "低头状态",
        "D": "侧身",
        "答案": "C"
    },
    "问题3": {
        "题干": "局部图像中的人物头发长度如何？",
        "A": "长发",
        "B": "中等长度",
        "C": "短发",
        "D": "无发",
        "答案": "C"
    },
    "问题4": {
        "题干": "根据局部图像，人物可能在做什么？",
        "A": "使用手机或阅读",
        "B": "与人交谈",
        "C": "吃东西",
        "D": "睡觉",
        "答案": "A"
    }
}