{
    "问题1": {
        "题干": "隔断屏风上的主要颜色是什么？",
        "A": "红色",
        "B": "蓝色",
        "C": "绿色",
        "D": "黄色",
        "答案": "A"
    },
    "问题2": {
        "题干": "隔断屏风上印有的欢迎语是以下哪一项？",
        "A": "欢迎品尝",
        "B": "欢迎光临",
        "C": "欢迎惠顾",
        "D": "欢迎莅临",
        "答案": "B"
    },
    "问题3": {
        "题干": "隔断屏风上的图案风格属于哪种类型？",
        "A": "现代简约",
        "B": "抽象艺术",
        "C": "传统建筑",
        "D": "自然风景",
        "答案": "C"
    },
    "问题4": {
        "题干": "根据图片判断，隔断屏风的材质最可能是以下哪种？",
        "A": "金属",
        "B": "布料或纸质",
        "C": "木材",
        "D": "塑料",
        "答案": "B"
    },
    "问题5": {
        "题干": "隔断屏风的状态如何？",
        "A": "有明显损坏",
        "B": "部分破损",
        "C": "完好无损",
        "D": "陈旧褪色",
        "答案": "C"
    }
}