{
    "问题1": {
        "题干": "局部图像中的吊灯主要颜色是什么？",
        "A": "绿色",
        "B": "红色",
        "C": "黄色",
        "D": "蓝色",
        "答案": "A"
    },
    "问题2": {
        "题干": "根据描述，吊灯的材质最有可能是以下哪种？",
        "A": "玻璃",
        "B": "塑料或金属",
        "C": "木材",
        "D": "布料",
        "答案": "B"
    },
    "问题3": {
        "题干": "吊灯在图片中的状态是？",
        "A": "静止",
        "B": "旋转",
        "C": "闪烁",
        "D": "移动",
        "答案": "A"
    },
    "问题4": {
        "题干": "吊灯的设计风格更接近于哪种类型？",
        "A": "现代简约",
        "B": "卡通形象",
        "C": "古典优雅",
        "D": "工业风",
        "答案": "B"
    },
    "问题5": {
        "题干": "吊灯位于整体场景图像的哪个位置？",
        "A": "右侧",
        "B": "中间",
        "C": "左侧",
        "D": "上方",
        "答案": "C"
    }
}