{
    "问题1": {
        "Question": "这把中式椅子的椅背顶部有什么装饰？",
        "Answer": "弧形装饰"
    },
    "问题2": {
        "Question": "这把椅子的主要材质是什么？",
        "Answer": "木质"
    },
    "问题3": {
        "Question": "这把椅子的颜色是什么？",
        "Answer": "深棕色"
    },
    "问题4": {
        "Question": "这把椅子的状态如何？",
        "Answer": "完好"
    },
    "问题5": {
        "Question": "这把椅子的椅背上有什么特征？",
        "Answer": "复杂的雕刻图案"
    }
}