{
    "问题1": {
        "题干": "局部图像中的吊灯整体呈现什么形状？",
        "A": "长条形",
        "B": "圆形",
        "C": "正方形",
        "D": "三角形",
        "答案": "A"
    },
    "问题2": {
        "题干": "吊灯的面板由多少个矩形组成？",
        "A": "两个",
        "B": "三个",
        "C": "四个",
        "D": "五个",
        "答案": "C"
    },
    "问题3": {
        "题干": "吊灯当前的状态是？",
        "A": "开启状态",
        "B": "闪烁状态",
        "C": "关闭状态",
        "D": "故障状态",
        "答案": "C"
    },
    "问题4": {
        "题干": "吊灯的主要颜色是什么？",
        "A": "红色",
        "B": "黄色",
        "C": "蓝色",
        "D": "绿色",
        "答案": "A"
    },
    "问题5": {
        "题干": "根据图片判断，吊灯的材质最可能是？",
        "A": "金属或塑料",
        "B": "木质",
        "C": "玻璃",
        "D": "布艺",
        "答案": "A"
    }
}