{
    "问题1": {
        "题干": "椅子靠背上的图案是什么颜色的？",
        "A": "粉红色",
        "B": "蓝色",
        "C": "黄色",
        "D": "绿色",
        "答案": "A"
    },
    "问题2": {
        "题干": "椅子的腿是由什么材质制成的？",
        "A": "木质",
        "B": "塑料",
        "C": "金属",
        "D": "布料",
        "答案": "C"
    },
    "问题3": {
        "题干": "椅子的座位部分是什么颜色的？",
        "A": "浅色",
        "B": "粉红色",
        "C": "深色",
        "D": "白色",
        "答案": "C"
    },
    "问题4": {
        "题干": "桌子的桌面最有可能是由什么材质制成的？",
        "A": "金属",
        "B": "塑料",
        "C": "木质",
        "D": "玻璃",
        "答案": "C"
    },
    "问题5": {
        "题干": "椅子和桌子当前的状态如何？",
        "A": "正在移动",
        "B": "破损不堪",
        "C": "静止且整洁",
        "D": "倒在地上",
        "答案": "C"
    }
}