{
    "问题1": {
        "Question": "桌子中央的蓝色盘子里装的是什么？",
        "Answer": "食物残渣"
    },
    "问题2": {
        "Question": "桌子的桌面颜色是什么？",
        "Answer": "白色"
    },
    "问题3": {
        "Question": "桌子边缘放置了哪些物品？",
        "Answer": "饮料杯和调味品"
    },
    "问题4": {
        "Question": "桌子的状态如何描述？",
        "Answer": "使用中，上面有食物和餐具，显得有些凌乱"
    }
}