{
    "问题1": {
        "Question": "灯箱的主要颜色是什么？",
        "Answer": "红色"
    },
    "问题2": {
        "Question": "灯箱的边缘装饰条的颜色是什么？",
        "Answer": "白色"
    },
    "问题3": {
        "Question": "灯箱当前的状态是怎样的？",
        "Answer": "关闭状态，没有亮光"
    },
    "问题4": {
        "Question": "灯箱的材质最有可能是什么？",
        "Answer": "金属或塑料框架，玻璃或亚克力面板"
    }
}