{
    "问题1": {
        "题干": "局部图像中的灯箱主要呈现什么颜色？",
        "A": "红色",
        "B": "黄色",
        "C": "蓝色",
        "D": "绿色",
        "答案": "A"
    },
    "问题2": {
        "题干": "根据局部图像，灯箱的材质最可能是以下哪种？",
        "A": "木质",
        "B": "金属或塑料",
        "C": "玻璃",
        "D": "布料",
        "答案": "B"
    },
    "问题3": {
        "题干": "局部图像中的灯箱当前处于什么状态？",
        "A": "开启",
        "B": "闪烁",
        "C": "关闭",
        "D": "损坏",
        "答案": "C"
    },
    "问题4": {
        "题干": "局部图像中的灯箱表面有何特征？",
        "A": "粗糙不平",
        "B": "有明显的分隔线",
        "C": "完全透明",
        "D": "带有花纹",
        "答案": "B"
    }
}