{
    "问题1": {
        "Question": "图片中的方形餐桌桌面是什么材质的？",
        "Answer": "木质"
    },
    "问题2": {
        "Question": "桌子上的桌布具有什么样的特征？",
        "Answer": "有花纹"
    },
    "问题3": {
        "Question": "方形餐桌的整体状态如何描述？",
        "Answer": "整洁，准备用餐"
    },
    "问题4": {
        "Question": "餐桌表面放置了哪些餐具和物品？",
        "Answer": "盘子、筷子和餐巾"
    }
}