{
    "问题1": {
        "Question": "壁灯的灯罩主要颜色是什么？",
        "Answer": "红色"
    },
    "问题2": {
        "Question": "灯罩下方有哪些颜色的区域？",
        "Answer": "蓝色和白色"
    },
    "问题3": {
        "Question": "壁灯的框架部分是由什么材质制成的？",
        "Answer": "木质"
    },
    "问题4": {
        "Question": "这盏壁灯当前的状态是怎样的？",
        "Answer": "关闭状态"
    },
    "问题5": {
        "Question": "灯罩可能是由哪种材质制成的？",
        "Answer": "布料或塑料"
    }
}