{
    "问题1": {
        "题干": "局部图像中的人物穿着什么颜色的外套？",
        "A": "红色",
        "B": "蓝色",
        "C": "黑色",
        "D": "白色",
        "答案": "A"
    },
    "问题2": {
        "题干": "局部图像中的人物外套材质看起来是什么样的？",
        "A": "皮革",
        "B": "丝绸",
        "C": "布料",
        "D": "毛呢",
        "答案": "C"
    },
    "问题3": {
        "题干": "局部图像中的人物头发状态如何？",
        "A": "短发",
        "B": "光头",
        "C": "长发披肩",
        "D": "扎成马尾",
        "答案": "C"
    },
    "问题4": {
        "题干": "局部图像中的人物正在做什么？",
        "A": "站立",
        "B": "行走",
        "C": "坐着，背对镜头",
        "D": "躺着",
        "答案": "C"
    },
    "问题5": {
        "题干": "局部图像中的人物外套上有什么特征？",
        "A": "无口袋",
        "B": "单个口袋",
        "C": "多个口袋",
        "D": "有帽子",
        "答案": "C"
    }
}