{
    "问题1": {
        "题干": "图片中的dining_table的主要材质是什么？",
        "A": "木材",
        "B": "金属",
        "C": "塑料",
        "D": "玻璃",
        "答案": "A"
    },
    "问题2": {
        "题干": "dining_table上的物品摆放状态如何？",
        "A": "杂乱无章",
        "B": "部分凌乱",
        "C": "整洁有序",
        "D": "完全空置",
        "答案": "C"
    },
    "问题3": {
        "题干": "dining_table的颜色是哪种？",
        "A": "深棕色",
        "B": "浅棕色",
        "C": "黑色",
        "D": "白色",
        "答案": "B"
    },
    "问题4": {
        "题干": "在dining_table上可以看到哪些物品？",
        "A": "一个瓶子和一些餐具",
        "B": "一本书和一个杯子",
        "C": "一台笔记本电脑",
        "D": "一盆植物",
        "答案": "A"
    },
    "问题5": {
        "题干": "dining_table的风格属于哪种类型？",
        "A": "现代简约",
        "B": "工业风",
        "C": "传统中式",
        "D": "北欧风格",
        "答案": "C"
    }
}