{
    "问题1": {
        "Question": "柜台的主要材质是什么？",
        "Answer": "木质"
    },
    "问题2": {
        "Question": "柜台的颜色是什么？",
        "Answer": "棕色"
    },
    "问题3": {
        "Question": "柜台的正面装饰有什么特点？",
        "Answer": "镂空花纹"
    },
    "问题4": {
        "Question": "柜台顶部放置了什么类型的物品？",
        "Answer": "一些物品"
    },
    "问题5": {
        "Question": "柜台右侧的结构是什么样的？",
        "Answer": "木质的梯子状结构"
    },
    "问题6": {
        "Question": "柜台的整体状态如何？",
        "Answer": "完好"
    }
}