{
    "问题1": {
        "题干": "局部图像中的dining_table桌面的主要颜色是什么？",
        "A": "白色",
        "B": "红色",
        "C": "蓝色",
        "D": "黑色",
        "答案": "A"
    },
    "问题2": {
        "题干": "桌子中央的蓝色盘子里面装的是什么？",
        "A": "新鲜的蔬菜",
        "B": "完整的菜肴",
        "C": "食物残渣",
        "D": "空盘",
        "答案": "C"
    },
    "问题3": {
        "题干": "桌子的材质主要由什么组成？",
        "A": "纯金属",
        "B": "木质和玻璃",
        "C": "塑料",
        "D": "石材",
        "答案": "B"
    },
    "问题4": {
        "题干": "根据图片描述，桌子的状态如何？",
        "A": "整洁无物",
        "B": "刚刚布置好",
        "C": "使用中，显得有些凌乱",
        "D": "已经清理干净",
        "答案": "C"
    },
    "问题5": {
        "题干": "桌子边缘可以看到哪些物品？",
        "A": "空饮料瓶",
        "B": "饮料杯和调味品",
        "C": "未使用的餐具",
        "D": "装饰花瓶",
        "答案": "B"
    }
}