{
    "问题1": {
        "Question": "局部图像中的人物穿着什么颜色的外套？",
        "Answer": "迷彩绿、棕色"
    },
    "问题2": {
        "Question": "局部图像中人物脚上穿的是什么类型的鞋子？",
        "Answer": "白色运动鞋"
    },
    "问题3": {
        "Question": "局部图像中人物的外套材质是什么？",
        "Answer": "迷彩布料"
    },
    "问题4": {
        "Question": "局部图像中人物的状态是怎样的？",
        "Answer": "站立状态"
    }
}