{
    "问题1": {
        "题干": "椅子的主要颜色是什么？",
        "A": "深棕色",
        "B": "浅黄色",
        "C": "红色",
        "D": "黑色",
        "答案": "A"
    },
    "问题2": {
        "题干": "椅子的材质看起来是什么？",
        "A": "塑料",
        "B": "金属",
        "C": "木质",
        "D": "布艺",
        "答案": "C"
    },
    "问题3": {
        "题干": "椅子的椅背和扶手部分有什么装饰？",
        "A": "简单的线条",
        "B": "金色装饰",
        "C": "彩色绘画",
        "D": "无装饰",
        "答案": "B"
    },
    "问题4": {
        "题干": "椅子的整体状态如何？",
        "A": "破损严重",
        "B": "部分损坏",
        "C": "保存完好",
        "D": "正在维修",
        "答案": "C"
    },
    "问题5": {
        "题干": "椅子的雕刻图案复杂程度如何？",
        "A": "非常简单",
        "B": "中等复杂",
        "C": "非常复杂",
        "D": "没有雕刻",
        "答案": "C"
    }
}