{
    "问题1": {
        "Question": "局部图像中展示的牛肉烩饭碗的主要材质是什么？",
        "Answer": "陶制"
    },
    "问题2": {
        "Question": "局部图像中的木质勺子放置在何处？",
        "Answer": "牛肉烩饭上"
    },
    "问题3": {
        "Question": "根据局部图像，牛肉烩饭的状态如何？",
        "Answer": "热气腾腾"
    },
    "问题4": {
        "Question": "局部图像背景中可以看到什么类型的植物？",
        "Answer": "绿色植物"
    },
    "问题5": {
        "Question": "局部图像上方的中文文字是什么？",
        "Answer": "牛肉烩饭"
    }
}