{
    "问题1": {
        "题干": "局部图像中的吊灯颜色是什么？",
        "A": "红色",
        "B": "黄色",
        "C": "蓝色",
        "D": "绿色",
        "答案": "A"
    },
    "问题2": {
        "题干": "根据描述，局部图像中的吊灯材质最可能是哪种？",
        "A": "金属",
        "B": "木质",
        "C": "玻璃或塑料",
        "D": "布料",
        "答案": "C"
    },
    "问题3": {
        "题干": "局部图像中的吊灯当前状态是？",
        "A": "开启",
        "B": "闪烁",
        "C": "关闭",
        "D": "损坏",
        "答案": "C"
    },
    "问题4": {
        "题干": "局部图像中的吊灯外形为哪种形状？",
        "A": "圆形",
        "B": "长方形",
        "C": "三角形",
        "D": "不规则形状",
        "答案": "B"
    },
    "问题5": {
        "题干": "局部图像中的吊灯表面看起来有什么特点？",
        "A": "粗糙",
        "B": "有纹理",
        "C": "光滑",
        "D": "磨砂",
        "答案": "C"
    }
}