{
    "问题1": {
        "题干": "局部图像中的碗是什么材质的？",
        "A": "陶瓷或瓷器",
        "B": "塑料",
        "C": "金属",
        "D": "玻璃",
        "答案": "A"
    },
    "问题2": {
        "题干": "局部图像中的菜肴主要包含哪些颜色？",
        "A": "红色和蓝色",
        "B": "棕色、绿色和黄色",
        "C": "黑色和白色",
        "D": "紫色和橙色",
        "答案": "B"
    },
    "问题3": {
        "题干": "局部图像中的菜肴看起来像是什么类型的菜品？",
        "A": "汤类",
        "B": "炒面或炒饭",
        "C": "凉拌菜",
        "D": "炖菜",
        "答案": "B"
    },
    "问题4": {
        "题干": "局部图像中碗的形状是怎样的？",
        "A": "方形",
        "B": "弧形",
        "C": "圆形",
        "D": "梯形",
        "答案": "B"
    },
    "问题5": {
        "题干": "局部图像的整体状态如何？",
        "A": "模糊但可以看出是一道准备好的菜肴",
        "B": "非常清晰且色彩鲜艳",
        "C": "完全模糊无法辨认",
        "D": "只有部分可见",
        "答案": "A"
    }
}