{
    "问题1": {
        "题干": "局部图像中的玻璃杯材质是什么？",
        "A": "玻璃",
        "B": "塑料",
        "C": "陶瓷",
        "D": "金属",
        "答案": "A"
    },
    "问题2": {
        "题干": "局部图像中的玻璃杯状态如何？",
        "A": "空的",
        "B": "装有果汁",
        "C": "装有水和冰块",
        "D": "装有热饮",
        "答案": "C"
    },
    "问题3": {
        "题干": "局部图像中的玻璃杯颜色描述正确的是？",
        "A": "透明",
        "B": "蓝色",
        "C": "绿色",
        "D": "红色",
        "答案": "A"
    },
    "问题4": {
        "题干": "局部图像中的玻璃杯放置在什么表面上？",
        "A": "木质桌面上",
        "B": "金属托盘上",
        "C": "玻璃桌面上",
        "D": "塑料垫子上",
        "答案": "A"
    }
}