{
  "images": [
    {
      "id": 1,
      "file_name": "WKL09002526HK040888_puR4xSF7Drnd_3dq9vZ04_ai-search-work-hat.jpg",
      "width": 1920,
      "height": 1080
    }
  ],
  "annotations": [
    {
      "id": 1,
      "image_id": 1,
      "category_id": 1,
      "bbox": [
        213.0,
        627.0,
        465.0,
        453.0
      ],
      "area": 115651.0
    },
    {
      "id": 2,
      "image_id": 1,
      "category_id": 1,
      "bbox": [
        711.0,
        76.0,
        140.0,
        470.0
      ],
      "area": 37028.0
    },
    {
      "id": 3,
      "image_id": 1,
      "category_id": 1,
      "bbox": [
        596.0,
        0.0,
        119.0,
        326.0
      ],
      "area": 26055.0
    },
    {
      "id": 4,
      "image_id": 1,
      "category_id": 2,
      "bbox": [
        219.0,
        173.0,
        314.0,
        560.0
      ],
      "area": 122944.0
    },
    {
      "id": 5,
      "image_id": 1,
      "category_id": 3,
      "bbox": [
        879.0,
        204.0,
        624.0,
        876.0
      ],
      "area": 233964.0
    },
    {
      "id": 6,
      "image_id": 1,
      "category_id": 4,
      "bbox": [
        1369.0,
        236.0,
        325.0,
        296.0
      ],
      "area": 47527.0
    },
    {
      "id": 7,
      "image_id": 1,
      "category_id": 5,
      "bbox": [
        137.0,
        193.0,
        118.0,
        474.0
      ],
      "area": 28524.0
    },
    {
      "id": 8,
      "image_id": 1,
      "category_id": 6,
      "bbox": [
        741.0,
        549.0,
        135.0,
        136.0
      ],
      "area": 15994.0
    },
    {
      "id": 9,
      "image_id": 1,
      "category_id": 7,
      "bbox": [
        783.0,
        679.0,
        162.0,
        262.0
      ],
      "area": 29924.0
    },
    {
      "id": 10,
      "image_id": 1,
      "category_id": 7,
      "bbox": [
        668.0,
        725.0,
        128.0,
        235.0
      ],
      "area": 23376.0
    },
    {
      "id": 11,
      "image_id": 1,
      "category_id": 8,
      "bbox": [
        1160.0,
        512.0,
        70.0,
        118.0
      ],
      "area": 5702.0
    },
    {
      "id": 12,
      "image_id": 1,
      "category_id": 9,
      "bbox": [
        1109.0,
        750.0,
        74.0,
        145.0
      ],
      "area": 7206.0
    },
    {
      "id": 13,
      "image_id": 1,
      "category_id": 10,
      "bbox": [
        978.0,
        251.0,
        67.0,
        287.0
      ],
      "area": 12244.0
    },
    {
      "id": 14,
      "image_id": 1,
      "category_id": 11,
      "bbox": [
        149.0,
        735.0,
        240.0,
        256.0
      ],
      "area": 35550.0
    },
    {
      "id": 15,
      "image_id": 1,
      "category_id": 12,
      "bbox": [
        162.0,
        666.0,
        41.0,
        86.0
      ],
      "area": 2362.0
    },
    {
      "id": 16,
      "image_id": 1,
      "category_id": 13,
      "bbox": [
        435.0,
        940.0,
        899.0,
        140.0
      ],
      "area": 85504.0
    },
    {
      "id": 17,
      "image_id": 1,
      "category_id": 14,
      "bbox": [
        50.0,
        992.0,
        120.0,
        52.0
      ],
      "area": 4595.0
    },
    {
      "id": 18,
      "image_id": 1,
      "category_id": 15,
      "bbox": [
        1441.0,
        21.0,
        456.0,
        35.0
      ],
      "area": 13041.0
    }
  ],
  "categories": [
    {
      "id": 1,
      "name": "kitchen_worker"
    },
    {
      "id": 2,
      "name": "dishwasher"
    },
    {
      "id": 3,
      "name": "stainless_steel_shelf"
    },
    {
      "id": 4,
      "name": "plastic_storage_box"
    },
    {
      "id": 5,
      "name": "stainless_steel_plate_stack"
    },
    {
      "id": 6,
      "name": "knife_storage_box"
    },
    {
      "id": 7,
      "name": "drain_mat"
    },
    {
      "id": 8,
      "name": "white_plate_stack"
    },
    {
      "id": 9,
      "name": "green_plate_stack"
    },
    {
      "id": 10,
      "name": "sign"
    },
    {
      "id": 11,
      "name": "sink"
    },
    {
      "id": 12,
      "name": "hand_sanitizer_bottle"
    },
    {
      "id": 13,
      "name": "pot_lid"
    },
    {
      "id": 14,
      "name": "camera_label"
    },
    {
      "id": 15,
      "name": "timestamp"
    }
  ]
}