{
    "问题1": {
        "题干": "展示盒的主要颜色是什么？",
        "A": "灰色和黑色",
        "B": "红色和蓝色",
        "C": "黄色和绿色",
        "D": "白色和橙色",
        "答案": "A"
    },
    "问题2": {
        "题干": "每个展示盒上印有什么图案？",
        "A": "风景画",
        "B": "汽车图片",
        "C": "动物照片",
        "D": "抽象艺术",
        "答案": "B"
    },
    "问题3": {
        "题干": "这些展示盒的材质最可能是以下哪种？",
        "A": "金属",
        "B": "玻璃",
        "C": "纸板或塑料",
        "D": "木材",
        "答案": "C"
    },
    "问题4": {
        "题干": "关于展示盒的状态，以下描述正确的是？",
        "A": "有明显的损坏",
        "B": "盒子看起来是新的",
        "C": "表面有磨损痕迹",
        "D": "部分缺失",
        "答案": "B"
    },
    "问题5": {
        "题干": "展示盒的数量是多少？",
        "A": "一个",
        "B": "两个",
        "C": "三个",
        "D": "四个",
        "答案": "C"
    }
}