{
    "问题1": {
        "题干": "目标物体的颜色是什么？",
        "A": "白色",
        "B": "黑色",
        "C": "灰色",
        "D": "蓝色",
        "答案": "A"
    },
    "问题2": {
        "题干": "每个箱子上有什么特征？",
        "A": "红色的标签",
        "B": "金色的把手",
        "C": "黑色的把手和锁扣",
        "D": "透明的窗口",
        "答案": "C"
    },
    "问题3": {
        "题干": "这些箱子的材质最可能是以下哪种？",
        "A": "木质",
        "B": "塑料或金属",
        "C": "布料",
        "D": "玻璃",
        "答案": "B"
    },
    "问题4": {
        "题干": "这些箱子的状态如何？",
        "A": "杂乱无章",
        "B": "部分打开",
        "C": "整齐排列",
        "D": "堆叠在一起",
        "答案": "C"
    },
    "问题5": {
        "题干": "根据图片，这些箱子的主要用途可能是什么？",
        "A": "装饰品",
        "B": "存储物品",
        "C": "展示艺术品",
        "D": "办公设备",
        "答案": "B"
    }
}