{
    "问题1": {
        "题干": "局部图像中的水杯是什么材质的？",
        "A": "塑料",
        "B": "玻璃",
        "C": "金属",
        "D": "陶瓷",
        "答案": "A"
    },
    "问题2": {
        "题干": "局部图像中的水杯的颜色是？",
        "A": "红色",
        "B": "蓝色",
        "C": "透明",
        "D": "黄色",
        "答案": "C"
    },
    "问题3": {
        "题干": "局部图像中的水杯的状态是？",
        "A": "正在使用",
        "B": "部分使用",
        "C": "未使用",
        "D": "已清洗",
        "答案": "C"
    },
    "问题4": {
        "题干": "局部图像中的水杯排列方式如何？",
        "A": "杂乱无章",
        "B": "随意摆放",
        "C": "整齐排列",
        "D": "堆叠在一起",
        "答案": "C"
    },
    "问题5": {
        "题干": "局部图像中的水杯外观特征是什么？",
        "A": "带有花纹",
        "B": "有盖子",
        "C": "透明且无盖",
        "D": "彩色条纹",
        "答案": "C"
    }
}