{
    "问题1": {
        "Question": "沙发的颜色是什么？",
        "Answer": "棕色"
    },
    "问题2": {
        "Question": "沙发上放置的坐垫材质最可能是哪种？",
        "Answer": "布料"
    },
    "问题3": {
        "Question": "沙发的整体状态如何描述？",
        "Answer": "整洁，有人坐在沙发上"
    },
    "问题4": {
        "Question": "沙发扶手上放置了哪些物品？",
        "Answer": "手机和水杯"
    },
    "问题5": {
        "Question": "图片中可以看到几张棕色的沙发？",
        "Answer": "两张"
    }
}