{
    "问题1": {
        "Question": "局部图像中的植物叶片颜色是什么？",
        "Answer": "绿色"
    },
    "问题2": {
        "Question": "放置植物的花瓶材质是什么？",
        "Answer": "塑料"
    },
    "问题3": {
        "Question": "白色电子设备上连接的是什么颜色的电源线？",
        "Answer": "黑色"
    },
    "问题4": {
        "Question": "植物的整体状态如何？",
        "Answer": "健康生长"
    },
    "问题5": {
        "Question": "白色电子设备最有可能的功能是什么？",
        "Answer": "加湿器或空气净化器"
    }
}