{
    "问题1": {
        "题干": "目标物体的颜色是什么？",
        "A": "棕色",
        "B": "蓝色",
        "C": "绿色",
        "D": "黄色",
        "答案": "A"
    },
    "问题2": {
        "题干": "目标物体的材质是什么？",
        "A": "塑料",
        "B": "充气橡胶",
        "C": "金属",
        "D": "木质",
        "答案": "B"
    },
    "问题3": {
        "题干": "目标物体的状态如何？",
        "A": "未充气状态",
        "B": "半充气状态",
        "C": "充气状态，有人坐在上面",
        "D": "损坏状态",
        "答案": "C"
    },
    "问题4": {
        "题干": "目标物体表面有什么特征？",
        "A": "粗糙不平",
        "B": "有多个大标签",
        "C": "光滑，有一个小标签和一个黑色的小标记",
        "D": "布满花纹",
        "答案": "C"
    },
    "问题5": {
        "题干": "目标物体的形状像什么？",
        "A": "猫",
        "B": "狗",
        "C": "河马",
        "D": "狮子",
        "答案": "C"
    }
}