{
    "问题1": {
        "Question": "目标物体的主要颜色是什么？",
        "Answer": "白色"
    },
    "问题2": {
        "Question": "目标物体的材质是什么？",
        "Answer": "塑料"
    },
    "问题3": {
        "Question": "目标物体顶部有什么部件？",
        "Answer": "显示屏"
    },
    "问题4": {
        "Question": "目标物体前面有哪些特征？",
        "Answer": "通风孔"
    },
    "问题5": {
        "Question": "目标物体当前的状态是什么？",
        "Answer": "静止"
    }
}