{
    "问题1": {
        "题干": "桌子的表面材质最可能是以下哪种？",
        "A": "玻璃或光滑的塑料",
        "B": "粗糙的木头",
        "C": "磨砂金属",
        "D": "布艺",
        "答案": "A"
    },
    "问题2": {
        "题干": "桌子上放置的保温杯是什么材质的？",
        "A": "塑料",
        "B": "陶瓷",
        "C": "金属",
        "D": "玻璃",
        "答案": "C"
    },
    "问题3": {
        "题干": "桌子的颜色是？",
        "A": "深棕色",
        "B": "浅色，接近米色或象牙白色",
        "C": "黑色",
        "D": "红色",
        "答案": "B"
    },
    "问题4": {
        "题干": "桌子上的眼镜放在哪里？",
        "A": "直接放在桌面上",
        "B": "放在保温杯旁边",
        "C": "放在装有小物件的盒子里",
        "D": "放在玻璃杯里",
        "答案": "C"
    },
    "问题5": {
        "题干": "桌子的状态如何？",
        "A": "杂乱无章",
        "B": "有明显的污渍",
        "C": "干净整洁，物品摆放有序",
        "D": "部分物品掉落",
        "答案": "C"
    }
}