{
    "问题1": {
        "Question": "目标物体的植物叶子主要呈现什么颜色？",
        "Answer": "绿色"
    },
    "问题2": {
        "Question": "固定植物的冰块状物体表面有何特征？",
        "Answer": "有不规则的白色纹理"
    },
    "问题3": {
        "Question": "该装饰植物的整体状态是怎样的？",
        "Answer": "静止"
    },
    "问题4": {
        "Question": "冰块状物体的主要材质是什么？",
        "Answer": "透明"
    }
}