{
    "问题1": {
        "Question": "该男性穿着的上衣颜色是什么？",
        "Answer": "深蓝色"
    },
    "问题2": {
        "Question": "该男性的裤子材质最可能是以下哪种？",
        "Answer": "棉质或牛仔布"
    },
    "问题3": {
        "Question": "该男性的鞋子颜色组合是？",
        "Answer": "黑白相间"
    },
    "问题4": {
        "Question": "该男性当前的状态是什么？",
        "Answer": "正在行走或准备移动"
    },
    "问题5": {
        "Question": "该男性的一只手扶着什么物体？",
        "Answer": "旁边的栏杆"
    }
}