{
    "问题1": {
        "Question": "图片中的人穿着什么颜色的上衣和裤子？",
        "Answer": "深色上衣和裤子"
    },
    "问题2": {
        "Question": "这个人脚上穿的是什么颜色的鞋子？",
        "Answer": "黑白相间"
    },
    "问题3": {
        "Question": "根据图片，这个人的上衣和裤子最可能由什么材质制成？",
        "Answer": "棉质或合成纤维"
    },
    "问题4": {
        "Question": "这个人站在室内环境中的姿态是怎样的？",
        "Answer": "身体略微前倾，双手自然下垂，一只手扶着旁边的墙壁"
    },
    "问题5": {
        "Question": "从图片判断，这个人似乎在做什么？",
        "Answer": "行走或准备移动"
    }
}