{
    "问题1": {
        "题干": "目标物体的颜色是什么？",
        "A": "白色",
        "B": "黑色",
        "C": "黄色",
        "D": "红色",
        "答案": "A"
    },
    "问题2": {
        "题干": "目标物体的材质最可能是以下哪种？",
        "A": "塑料",
        "B": "金属",
        "C": "木材",
        "D": "玻璃",
        "答案": "A"
    },
    "问题3": {
        "题干": "目标物体的状态如何？",
        "A": "破损",
        "B": "老旧",
        "C": "完好",
        "D": "生锈",
        "答案": "C"
    },
    "问题4": {
        "题干": "目标物体表面有几个竖直的隔间？",
        "A": "一个",
        "B": "两个",
        "C": "三个",
        "D": "四个",
        "答案": "C"
    },
    "问题5": {
        "题干": "目标物体的外观特征描述正确的是？",
        "A": "表面粗糙",
        "B": "表面光滑",
        "C": "表面有划痕",
        "D": "表面有图案",
        "答案": "B"
    }
}