{
    "问题1": {
        "Question": "桌子的形状是什么？",
        "Answer": "椭圆形"
    },
    "问题2": {
        "Question": "桌子上放置了哪些物品？",
        "Answer": "玻璃杯和标牌"
    },
    "问题3": {
        "Question": "桌子的颜色是什么？",
        "Answer": "浅木色"
    },
    "问题4": {
        "Question": "桌子的材质是什么？",
        "Answer": "木质"
    },
    "问题5": {
        "Question": "桌子的状态如何？",
        "Answer": "干净整洁"
    }
}