{
    "问题1": {
        "题干": "图片中的ottoman（脚凳）的主要颜色是什么？",
        "A": "浅棕色",
        "B": "深灰色",
        "C": "白色",
        "D": "黑色",
        "答案": "A"
    },
    "问题2": {
        "题干": "根据图片判断，ottoman（脚凳）的材质最可能是以下哪种？",
        "A": "金属",
        "B": "塑料",
        "C": "布料或皮革",
        "D": "木材",
        "答案": "C"
    },
    "问题3": {
        "题干": "图片中的ottoman（脚凳）的状态如何？",
        "A": "破旧不堪",
        "B": "有明显污渍",
        "C": "完好无损，看起来很新",
        "D": "部分损坏",
        "答案": "C"
    },
    "问题4": {
        "题干": "ottoman（脚凳）的设计风格可以描述为？",
        "A": "复古风",
        "B": "工业风",
        "C": "简洁现代",
        "D": "巴洛克风格",
        "答案": "C"
    },
    "问题5": {
        "题干": "ottoman（脚凳）的表面特征是怎样的？",
        "A": "凹凸不平",
        "B": "带有花纹",
        "C": "表面平整",
        "D": "有多个按钮",
        "答案": "C"
    }
}