{
    "问题1": {
        "Question": "充气凳的表面形状是什么？",
        "Answer": "圆形"
    },
    "问题2": {
        "Question": "充气凳的颜色组合是？",
        "Answer": "棕色和白色"
    },
    "问题3": {
        "Question": "充气凳上有几个白色的把手？",
        "Answer": "两个"
    },
    "问题4": {
        "Question": "充气凳看起来是由什么材质制成的？",
        "Answer": "橡胶或类似材料"
    },
    "问题5": {
        "Question": "充气凳当前处于什么状态？",
        "Answer": "充气状态"
    }
}