{
    "问题1": {
        "Question": "柜子的颜色是什么？",
        "Answer": "浅棕色"
    },
    "问题2": {
        "Question": "柜子的材质是什么？",
        "Answer": "木质"
    },
    "问题3": {
        "Question": "柜子的状态如何描述？",
        "Answer": "整洁有序"
    },
    "问题4": {
        "Question": "柜子上部的设计特点是什么？",
        "Answer": "多个方形储物格"
    },
    "问题5": {
        "Question": "柜子下部有什么特征？",
        "Answer": "带门的柜子"
    },
    "问题6": {
        "Question": "柜台上摆放了哪些物品？",
        "Answer": "植物、纸巾盒和一些包装盒"
    },
    "问题7": {
        "Question": "柜子的整体设计风格是什么？",
        "Answer": "嵌入式设计"
    }
}