{
    "问题1": {
        "题干": "根据图片描述，垃圾桶的颜色是什么？",
        "A": "灰色",
        "B": "黑色",
        "C": "白色",
        "D": "蓝色",
        "答案": "A"
    },
    "问题2": {
        "题干": "垃圾桶的材质最可能是以下哪种？",
        "A": "金属",
        "B": "塑料",
        "C": "玻璃",
        "D": "木质",
        "答案": "B"
    },
    "问题3": {
        "题干": "垃圾桶的状态如何？",
        "A": "装满垃圾",
        "B": "倾斜放置",
        "C": "空的，直立放置",
        "D": "倒置",
        "答案": "C"
    },
    "问题4": {
        "题干": "垃圾桶底部是否有电线连接？",
        "A": "有电线连接",
        "B": "没有电线连接",
        "C": "电线连接不确定",
        "D": "电线连接在顶部",
        "答案": "A"
    },
    "问题5": {
        "题干": "垃圾桶放置的位置是哪里？",
        "A": "房间中央",
        "B": "墙角处",
        "C": "门口附近",
        "D": "窗边",
        "答案": "B"
    }
}