{
    "问题1": {
        "题干": "局部图像中的人物上衣颜色为？",
        "A": "深蓝色",
        "B": "浅灰色",
        "C": "白色",
        "D": "黑色",
        "答案": "A"
    },
    "问题2": {
        "题干": "局部图像中的人物鞋子的配色是？",
        "A": "纯白色",
        "B": "纯黑色",
        "C": "黑白相间",
        "D": "红白相间",
        "答案": "C"
    },
    "问题3": {
        "题干": "局部图像中的人物裤子材质最可能是？",
        "A": "丝绸",
        "B": "棉质或牛仔布",
        "C": "皮革",
        "D": "亚麻",
        "答案": "B"
    },
    "问题4": {
        "题干": "局部图像中的人物当前状态是？",
        "A": "静止站立",
        "B": "坐着休息",
        "C": "行走或准备移动",
        "D": "跑步",
        "答案": "C"
    },
    "问题5": {
        "题干": "局部图像中的人物一只手扶着旁边的什么物体？",
        "A": "椅子",
        "B": "栏杆",
        "C": "桌子",
        "D": "墙",
        "答案": "B"
    }
}