{
    "问题1": {
        "题干": "脚凳的主要颜色是什么？",
        "A": "米色",
        "B": "灰色",
        "C": "蓝色",
        "D": "黑色",
        "答案": "A"
    },
    "问题2": {
        "题干": "脚凳的材质看起来像是什么？",
        "A": "金属",
        "B": "塑料",
        "C": "布料",
        "D": "皮革",
        "答案": "C"
    },
    "问题3": {
        "题干": "脚凳的状态如何？",
        "A": "破损",
        "B": "老旧",
        "C": "完好",
        "D": "变形",
        "答案": "C"
    },
    "问题4": {
        "题干": "脚凳的设计风格可以描述为？",
        "A": "复杂华丽",
        "B": "简约现代",
        "C": "复古怀旧",
        "D": "工业风",
        "答案": "B"
    },
    "问题5": {
        "题干": "脚凳表面的特点是什么？",
        "A": "凹凸不平",
        "B": "有纹理",
        "C": "平整光滑",
        "D": "粗糙",
        "答案": "C"
    }
}