{
    "问题1": {
        "题干": "图片中人物穿着的短袖T恤的颜色是？",
        "A": "浅灰色",
        "B": "深蓝色",
        "C": "白色",
        "D": "黑色",
        "答案": "A"
    },
    "问题2": {
        "题干": "人物左手腕上戴着什么？",
        "A": "手链",
        "B": "戒指",
        "C": "手表",
        "D": "无任何饰品",
        "答案": "C"
    },
    "问题3": {
        "题干": "沙发上放置的物品有哪些？",
        "A": "手机和白色枕头",
        "B": "书本和眼镜",
        "C": "水杯和遥控器",
        "D": "笔记本电脑和文件",
        "答案": "A"
    },
    "问题4": {
        "题干": "桌子上的金属杯子数量为？",
        "A": "一个",
        "B": "两个",
        "C": "三个",
        "D": "四个",
        "答案": "B"
    },
    "问题5": {
        "题干": "人物的状态看起来如何？",
        "A": "紧张",
        "B": "忙碌",
        "C": "放松",
        "D": "焦虑",
        "答案": "C"
    }
}