{
    "问题1": {
        "Question": "充气凳的设计灵感来源于哪种动物？",
        "Answer": "大象"
    },
    "问题2": {
        "Question": "充气凳的主要颜色是什么？",
        "Answer": "棕色和白色"
    },
    "问题3": {
        "Question": "充气凳的表面材质最有可能是什么？",
        "Answer": "PVC或类似材料"
    },
    "问题4": {
        "Question": "充气凳当前的状态如何？",
        "Answer": "充气状态，可以使用"
    },
    "问题5": {
        "Question": "充气凳的背部有什么特征？",
        "Answer": "有白色的耳朵"
    }
}