{
    "问题1": {
        "Question": "图片中的人穿着什么颜色的上衣？",
        "Answer": "深色"
    },
    "问题2": {
        "Question": "这个人坐在沙发上时，双腿处于什么状态？",
        "Answer": "交叉"
    },
    "问题3": {
        "Question": "该人物的脚上是否穿了鞋子？",
        "Answer": "没有"
    },
    "问题4": {
        "Question": "这个人头戴的是什么？",
        "Answer": "耳机"
    },
    "问题5": {
        "Question": "根据图片判断，此人的上衣和裤子材质最可能是哪种？",
        "Answer": "棉质或类似材质"
    },
    "问题6": {
        "Question": "图片中的人物整体状态看起来如何？",
        "Answer": "放松状态"
    }
}