{
    "问题1": {
        "题干": "图片中的汽车主要颜色是什么？",
        "A": "银色或灰色",
        "B": "红色",
        "C": "蓝色",
        "D": "黑色",
        "答案": "A"
    },
    "问题2": {
        "题干": "背景中的帐篷颜色为？",
        "A": "深绿色",
        "B": "浅色",
        "C": "橙色",
        "D": "黑色",
        "答案": "B"
    },
    "问题3": {
        "题干": "汽车停在什么材质的地面上？",
        "A": "水泥",
        "B": "草地",
        "C": "沥青",
        "D": "沙地",
        "答案": "B"
    },
    "问题4": {
        "题干": "背景中的树木和草地呈现出什么颜色？",
        "A": "黄色",
        "B": "绿色",
        "C": "棕色",
        "D": "蓝色",
        "答案": "B"
    },
    "问题5": {
        "题干": "汽车的材质看起来是什么？",
        "A": "塑料",
        "B": "木材",
        "C": "金属",
        "D": "布料",
        "答案": "C"
    }
}