{
    "问题1": {
        "题干": "根据局部图像，抱枕的主要颜色是什么？",
        "A": "白色和黑色",
        "B": "红色和蓝色",
        "C": "绿色和黄色",
        "D": "橙色和紫色",
        "答案": "A"
    },
    "问题2": {
        "题干": "抱枕的材质看起来像是什么？",
        "A": "皮革",
        "B": "金属",
        "C": "布料",
        "D": "塑料",
        "答案": "C"
    },
    "问题3": {
        "题干": "抱枕的状态如何？",
        "A": "崭新无损",
        "B": "有些磨损和旧了",
        "C": "完全破损",
        "D": "刚刚清洗过",
        "答案": "B"
    },
    "问题4": {
        "题干": "抱枕表面的图案是什么样的？",
        "A": "几何图形",
        "B": "动物轮廓",
        "C": "花卉图案",
        "D": "抽象艺术",
        "答案": "B"
    },
    "问题5": {
        "题干": "抱枕的形状是什么？",
        "A": "圆形",
        "B": "长方形",
        "C": "三角形",
        "D": "不规则形状",
        "答案": "B"
    }
}