{
    "问题1": {
        "题干": "目标植物的叶片颜色为？",
        "A": "深绿色",
        "B": "浅绿色",
        "C": "黄色",
        "D": "红色",
        "答案": "A"
    },
    "问题2": {
        "题干": "该植物的生长状态如何？",
        "A": "枯萎",
        "B": "生长状态良好，枝叶繁茂",
        "C": "部分叶片发黄",
        "D": "刚刚发芽",
        "答案": "B"
    },
    "问题3": {
        "题干": "目标植物的叶片形状是？",
        "A": "针状",
        "B": "椭圆形",
        "C": "掌状",
        "D": "心形",
        "答案": "B"
    },
    "问题4": {
        "题干": "该植物的材质属于？",
        "A": "塑料",
        "B": "金属",
        "C": "叶片为植物材质",
        "D": "玻璃",
        "答案": "C"
    },
    "问题5": {
        "题干": "根据图片，这株植物最可能用于什么场景？",
        "A": "工业生产",
        "B": "室内装饰",
        "C": "户外园林",
        "D": "科学研究",
        "答案": "B"
    }
}