{
    "问题1": {
        "Question": "局部图像中的瓶装水瓶身是什么材质的？",
        "Answer": "塑料"
    },
    "问题2": {
        "Question": "局部图像中瓶装水的标签颜色是什么？",
        "Answer": "灰色"
    },
    "问题3": {
        "Question": "局部图像中的瓶装水状态如何？",
        "Answer": "未开封"
    },
    "问题4": {
        "Question": "局部图像中的瓶装水瓶身的颜色是什么？",
        "Answer": "透明"
    }
}