{
    "问题1": {
        "Question": "装饰画中的车辆是什么颜色的？",
        "Answer": "银色"
    },
    "问题2": {
        "Question": "装饰画背景的主要颜色是什么？",
        "Answer": "绿色"
    },
    "问题3": {
        "Question": "装饰画右下角有什么物体的部分边缘？",
        "Answer": "帐篷"
    },
    "问题4": {
        "Question": "装饰画的整体状态如何？",
        "Answer": "状态良好，画面清晰"
    },
    "问题5": {
        "Question": "装饰画中车辆停在什么地面上？",
        "Answer": "草地"
    }
}