{
    "问题1": {
        "Question": "图片中的汽车是什么颜色的？",
        "Answer": "银色或灰色"
    },
    "问题2": {
        "Question": "背景中的帐篷是什么颜色的？",
        "Answer": "浅色"
    },
    "问题3": {
        "Question": "汽车停在哪里？",
        "Answer": "草地上"
    },
    "问题4": {
        "Question": "背景中树木的颜色是什么？",
        "Answer": "绿色"
    },
    "问题5": {
        "Question": "汽车的材质看起来是什么样的？",
        "Answer": "金属材质"
    }
}