{
    "问题1": {
        "题干": "指示牌的背景颜色是什么？",
        "A": "黑色",
        "B": "白色",
        "C": "红色",
        "D": "蓝色",
        "答案": "A"
    },
    "问题2": {
        "题干": "指示牌上的箭头指向哪个方向？",
        "A": "左",
        "B": "右",
        "C": "上",
        "D": "下",
        "答案": "B"
    },
    "问题3": {
        "题干": "指示牌上的文字颜色是什么？",
        "A": "黑色",
        "B": "红色",
        "C": "白色",
        "D": "黄色",
        "答案": "C"
    },
    "问题4": {
        "题干": "指示牌上的图标（人形）颜色是什么？",
        "A": "黑色",
        "B": "红色",
        "C": "白色",
        "D": "黄色",
        "答案": "C"
    },
    "问题5": {
        "题干": "指示牌看起来是由什么材质制成的？",
        "A": "塑料或金属",
        "B": "木材",
        "C": "玻璃",
        "D": "布料",
        "答案": "A"
    }
}