{
    "问题1": {
        "Question": "展示台的主要颜色是什么？",
        "Answer": "白色"
    },
    "问题2": {
        "Question": "展示台的表面状态如何描述？",
        "Answer": "干净整洁，没有明显物品摆放"
    },
    "问题3": {
        "Question": "展示台的材质最有可能是以下哪种？",
        "Answer": "塑料或金属"
    },
    "问题4": {
        "Question": "展示台的顶部形状特征是什么？",
        "Answer": "平整"
    }
}