{
    "问题1": {
        "题干": "根据图片描述，垃圾桶的颜色是？",
        "A": "灰色",
        "B": "黑色",
        "C": "白色",
        "D": "蓝色",
        "答案": "A"
    },
    "问题2": {
        "题干": "垃圾桶的材质是什么？",
        "A": "金属",
        "B": "玻璃",
        "C": "塑料",
        "D": "木质",
        "答案": "C"
    },
    "问题3": {
        "题干": "垃圾桶的状态如何？",
        "A": "倒置状态",
        "B": "倾斜状态",
        "C": "站立状态",
        "D": "悬挂状态",
        "答案": "C"
    },
    "问题4": {
        "题干": "垃圾桶底部是否有电源线连接？",
        "A": "有",
        "B": "没有",
        "C": "不确定",
        "D": "部分有",
        "答案": "A"
    },
    "问题5": {
        "题干": "垃圾桶放置在何处？",
        "A": "墙边",
        "B": "桌子旁",
        "C": "门口",
        "D": "中央",
        "答案": "A"
    }
}