{
    "问题1": {
        "题干": "目标物体的颜色是什么？",
        "A": "白色",
        "B": "黑色",
        "C": "棕色",
        "D": "灰色",
        "答案": "A"
    },
    "问题2": {
        "题干": "目标物体的材质看起来是什么？",
        "A": "金属",
        "B": "木质",
        "C": "塑料",
        "D": "玻璃",
        "答案": "C"
    },
    "问题3": {
        "题干": "每个储物盒上有什么特征？",
        "A": "红色标签",
        "B": "透明盖子",
        "C": "黑色把手和锁扣",
        "D": "金色装饰",
        "答案": "C"
    },
    "问题4": {
        "题干": "这些储物盒的状态如何？",
        "A": "破损",
        "B": "生锈",
        "C": "完好",
        "D": "变形",
        "答案": "C"
    },
    "问题5": {
        "题干": "储物盒的排列方式是怎样的？",
        "A": "杂乱无章",
        "B": "随意堆放",
        "C": "排列整齐",
        "D": "堆叠在一起",
        "答案": "C"
    }
}