{
    "问题1": {
        "题干": "根据局部图像，这把椅子的椅背顶部颜色主要是？",
        "A": "深蓝色",
        "B": "米白色",
        "C": "红色",
        "D": "绿色",
        "答案": "A"
    },
    "问题2": {
        "题干": "局部图像中的椅子椅背设计风格为？",
        "A": "传统木质",
        "B": "复古布艺",
        "C": "现代弧形",
        "D": "古典雕花",
        "答案": "C"
    },
    "问题3": {
        "题干": "根据描述和局部图像，椅子的材质最可能是？",
        "A": "纯实木",
        "B": "塑料或金属框架，表面覆盖软垫",
        "C": "全皮革",
        "D": "竹制",
        "答案": "B"
    },
    "问题4": {
        "题干": "局部图像显示椅子的状态如何？",
        "A": "有明显损坏",
        "B": "部分磨损",
        "C": "完好无损",
        "D": "严重老化",
        "答案": "C"
    },
    "问题5": {
        "题干": "根据局部图像和描述，椅子的椅背设计包含以下哪种特征？",
        "A": "直线型",
        "B": "弧形",
        "C": "方形",
        "D": "三角形",
        "答案": "B"
    }
}