{
    "问题1": {
        "Question": "局部图像中的水杯是什么材质的？",
        "Answer": "塑料"
    },
    "问题2": {
        "Question": "这些水杯的颜色是什么？",
        "Answer": "透明"
    },
    "问题3": {
        "Question": "根据局部图像，这些水杯的状态是怎样的？",
        "Answer": "未使用"
    },
    "问题4": {
        "Question": "局部图像中的水杯是如何排列的？",
        "Answer": "整齐地排列在一起"
    }
}