{
    "问题1": {
        "Question": "小茶几上的两个保温杯是什么材质的？",
        "Answer": "不锈钢"
    },
    "问题2": {
        "Question": "小茶几的颜色是哪种？",
        "Answer": "浅色（米色或象牙色）"
    },
    "问题3": {
        "Question": "相框盒里装有什么物品？",
        "Answer": "照片和小物件"
    },
    "问题4": {
        "Question": "透明的盐和胡椒瓶放置在小茶几的哪个位置？",
        "Answer": "靠近边缘"
    }
}