{
    "问题1": {
        "题干": "展示台的主要颜色是什么？",
        "A": "白色",
        "B": "棕色",
        "C": "黑色",
        "D": "灰色",
        "答案": "A"
    },
    "问题2": {
        "题干": "展示台的材质最有可能是以下哪种？",
        "A": "木质",
        "B": "塑料或金属",
        "C": "玻璃",
        "D": "布料",
        "答案": "B"
    },
    "问题3": {
        "题干": "展示台的状态如何？",
        "A": "杂乱无章",
        "B": "有明显物品摆放",
        "C": "干净整洁，没有明显物品摆放",
        "D": "破损严重",
        "答案": "C"
    },
    "问题4": {
        "题干": "展示台的顶部形状描述正确的是？",
        "A": "圆形",
        "B": "波浪形",
        "C": "长方形",
        "D": "三角形",
        "答案": "C"
    },
    "问题5": {
        "题干": "展示台表面的特性是什么？",
        "A": "粗糙不平",
        "B": "凹凸不平",
        "C": "光滑平整",
        "D": "有纹理",
        "答案": "C"
    }
}