{
    "问题1": {
        "题干": "脚凳的主要颜色是什么？",
        "A": "浅棕色",
        "B": "深灰色",
        "C": "白色",
        "D": "黑色",
        "答案": "A"
    },
    "问题2": {
        "题干": "脚凳的材质最可能是以下哪种？",
        "A": "金属",
        "B": "布艺",
        "C": "皮革",
        "D": "塑料",
        "答案": "B"
    },
    "问题3": {
        "题干": "脚凳的状态如何？",
        "A": "破损",
        "B": "老旧",
        "C": "完好",
        "D": "变形",
        "答案": "C"
    },
    "问题4": {
        "题干": "脚凳的设计风格可以描述为？",
        "A": "复杂华丽",
        "B": "简约现代",
        "C": "复古怀旧",
        "D": "工业风",
        "答案": "B"
    },
    "问题5": {
        "题干": "脚凳由几个方形部分组成？",
        "A": "一个",
        "B": "两个",
        "C": "三个",
        "D": "四个",
        "答案": "B"
    }
}