{
    "问题1": {
        "题干": "这台饮水机的主要颜色是什么？",
        "A": "白色",
        "B": "黑色",
        "C": "银色",
        "D": "灰色",
        "答案": "A"
    },
    "问题2": {
        "题干": "饮水机顶部的显示屏显示的是什么内容？",
        "A": "温度",
        "B": "时间",
        "C": "数字",
        "D": "图案",
        "答案": "C"
    },
    "问题3": {
        "题干": "饮水机的材质最可能是以下哪种？",
        "A": "金属",
        "B": "玻璃",
        "C": "塑料",
        "D": "陶瓷",
        "答案": "C"
    },
    "问题4": {
        "题干": "饮水机前面的通风孔主要用于什么？",
        "A": "装饰",
        "B": "散热",
        "C": "供水",
        "D": "照明",
        "答案": "B"
    },
    "问题5": {
        "题干": "根据图片，饮水机当前的状态是？",
        "A": "工作",
        "B": "静止",
        "C": "移动",
        "D": "故障",
        "答案": "B"
    }
}