{
    "问题1": {
        "Question": "局部图像中的植物叶子主要呈现什么颜色？",
        "Answer": "绿色"
    },
    "问题2": {
        "Question": "局部图像中植物所在的容器材质是什么？",
        "Answer": "透明"
    },
    "问题3": {
        "Question": "局部图像中容器底部的冰块呈现出什么状态？",
        "Answer": "低温环境中的固态"
    },
    "问题4": {
        "Question": "根据局部图像，植物的健康状态如何？",
        "Answer": "健康"
    }
}