{
    "问题1": {
        "题干": "图片中的inflatable_stool的主要颜色是什么？",
        "A": "棕色",
        "B": "蓝色",
        "C": "绿色",
        "D": "黄色",
        "答案": "A"
    },
    "问题2": {
        "题干": "根据图片，inflatable_stool的材质最可能是以下哪种？",
        "A": "金属",
        "B": "实木",
        "C": "充气橡胶",
        "D": "塑料",
        "答案": "C"
    },
    "问题3": {
        "题干": "inflatable_stool当前的状态是？",
        "A": "未充气状态",
        "B": "半充气状态",
        "C": "充气状态，呈半圆形",
        "D": "完全放气状态",
        "答案": "C"
    },
    "问题4": {
        "题干": "inflatable_stool的外观形状描述正确的是？",
        "A": "长方形",
        "B": "正方形",
        "C": "半圆形",
        "D": "圆形",
        "答案": "C"
    },
    "问题5": {
        "题干": "inflatable_stool在场景中的主要功能是什么？",
        "A": "作为装饰品",
        "B": "用于帮助排便",
        "C": "作为普通座椅",
        "D": "用于储存物品",
        "答案": "B"
    }
}