{
    "问题1": {
        "Question": "图片中的脚凳是什么颜色的？",
        "Answer": "浅棕色"
    },
    "问题2": {
        "Question": "脚凳的表面材质看起来是什么？",
        "Answer": "布料或仿皮材质"
    },
    "问题3": {
        "Question": "脚凳的设计风格可以描述为哪种类型？",
        "Answer": "简约现代"
    },
    "问题4": {
        "Question": "根据图片，脚凳的状态如何？",
        "Answer": "完好无损，看起来很新"
    },
    "问题5": {
        "Question": "脚凳的形状是怎样的？",
        "Answer": "方形"
    }
}