{
    "问题1": {
        "Question": "桌子上的金属保温杯是什么颜色的？",
        "Answer": "银色"
    },
    "问题2": {
        "Question": "桌子上放置的透明玻璃杯里装有什么？",
        "Answer": "水"
    },
    "问题3": {
        "Question": "装有小物件的盒子有几个隔间？",
        "Answer": "四个"
    },
    "问题4": {
        "Question": "桌子的材质最可能是以下哪种？",
        "Answer": "玻璃"
    },
    "问题5": {
        "Question": "桌子周围的沙发颜色是什么？",
        "Answer": "棕色"
    },
    "问题6": {
        "Question": "桌子上的眼镜放置在哪个物品旁边？",
        "Answer": "装有小物件的盒子"
    },
    "问题7": {
        "Question": "桌子表面的状态如何？",
        "Answer": "干净整洁"
    },
    "问题8": {
        "Question": "桌子的整体形状是什么样的？",
        "Answer": "椭圆形"
    }
}