{
    "问题1": {
        "题干": "局部图像中，两个人站在车顶上，其中一个人穿着什么颜色的衣服？",
        "A": "深色",
        "B": "橙色",
        "C": "白色",
        "D": "绿色",
        "答案": "A"
    },
    "问题2": {
        "题干": "局部图像的背景颜色是什么？",
        "A": "红色",
        "B": "黄色",
        "C": "灰蓝色",
        "D": "绿色",
        "答案": "C"
    },
    "问题3": {
        "题干": "局部图像中的图片展示在何种材质上？",
        "A": "粗糙的布料",
        "B": "平滑的画框或墙面",
        "C": "金属板",
        "D": "塑料薄膜",
        "答案": "B"
    },
    "问题4": {
        "题干": "局部图像中，两个人似乎在做什么动作？",
        "A": "挥手或做手势",
        "B": "跳舞",
        "C": "睡觉",
        "D": "跑步",
        "答案": "A"
    },
    "问题5": {
        "题干": "局部图像的整体状态如何？",
        "A": "有明显的损坏或污渍",
        "B": "部分损坏",
        "C": "悬挂或展示的状态，没有明显的损坏或污渍",
        "D": "折叠状态",
        "答案": "C"
    }
}