{
    "问题1": {
        "题干": "图片中的脚凳（ottoman）的主要颜色是什么？",
        "A": "浅棕色",
        "B": "深灰色",
        "C": "亮黄色",
        "D": "纯白色",
        "答案": "A"
    },
    "问题2": {
        "题干": "根据图片判断，脚凳（ottoman）的材质最可能是以下哪种？",
        "A": "金属",
        "B": "布料或仿皮",
        "C": "实木",
        "D": "塑料",
        "答案": "B"
    },
    "问题3": {
        "题干": "脚凳（ottoman）的状态如何？",
        "A": "有明显磨损",
        "B": "表面划痕严重",
        "C": "完好无损，看起来很新",
        "D": "部分破损",
        "答案": "C"
    },
    "问题4": {
        "题干": "脚凳（ottoman）的设计风格属于哪种类型？",
        "A": "复古风",
        "B": "简约现代",
        "C": "巴洛克风格",
        "D": "工业风",
        "答案": "B"
    },
    "问题5": {
        "题干": "脚凳（ottoman）的形状是怎样的？",
        "A": "圆形",
        "B": "方形",
        "C": "椭圆形",
        "D": "不规则形状",
        "答案": "B"
    }
}