{
    "问题1": {
        "Question": "这幅装饰画中人物所穿衣物的颜色分别是？",
        "Answer": "深色和橙色"
    },
    "问题2": {
        "Question": "装饰画的背景主要颜色是什么？",
        "Answer": "灰蓝色"
    },
    "问题3": {
        "Question": "装饰画中的人物站在什么上面？",
        "Answer": "车顶"
    },
    "问题4": {
        "Question": "这幅装饰画看起来是用什么材质制作的？",
        "Answer": "印刷在画布或墙上"
    },
    "问题5": {
        "Question": "装饰画的整体状态如何描述？",
        "Answer": "画面清晰，人物姿态生动"
    }
}