{
    "问题1": {
        "Question": "图片中的充气凳是什么颜色的？",
        "Answer": "棕色"
    },
    "问题2": {
        "Question": "充气凳的材质是什么？",
        "Answer": "充气材质"
    },
    "问题3": {
        "Question": "充气凳的状态是怎样的？",
        "Answer": "充气状态"
    },
    "问题4": {
        "Question": "充气凳的形状类似于什么？",
        "Answer": "动物的尾巴"
    },
    "问题5": {
        "Question": "充气凳表面有什么特征？",
        "Answer": "光滑，有拉链设计"
    }
}