{
    "问题1": {
        "题干": "目标物体的主要颜色是什么？",
        "A": "黑色和蓝色",
        "B": "红色和黄色",
        "C": "绿色和白色",
        "D": "橙色和紫色",
        "答案": "A"
    },
    "问题2": {
        "题干": "目标物体的材质看起来是什么？",
        "A": "金属",
        "B": "塑料或硬纸板",
        "C": "布料",
        "D": "玻璃",
        "答案": "B"
    },
    "问题3": {
        "题干": "目标物体的状态如何？",
        "A": "包装盒破损严重",
        "B": "包装盒完全平整无瑕疵",
        "C": "包装盒完好无损，但有些许褶皱",
        "D": "包装盒被打开过",
        "答案": "C"
    },
    "问题4": {
        "题干": "目标物体上的图片内容是什么？",
        "A": "汽车和赛道",
        "B": "风景和山脉",
        "C": "人物和动物",
        "D": "建筑物和桥梁",
        "答案": "A"
    },
    "问题5": {
        "题干": "目标物体包含多少个包装盒？",
        "A": "一个",
        "B": "两个",
        "C": "三个",
        "D": "四个",
        "答案": "C"
    }
}