{
    "问题1": {
        "题干": "目标物体的颜色是什么？",
        "A": "棕色",
        "B": "蓝色",
        "C": "绿色",
        "D": "红色",
        "答案": "A"
    },
    "问题2": {
        "题干": "目标物体的材质是什么？",
        "A": "木质",
        "B": "金属",
        "C": "充气材质",
        "D": "塑料",
        "答案": "C"
    },
    "问题3": {
        "题干": "目标物体的状态如何？",
        "A": "瘪的",
        "B": "半充气状态",
        "C": "充气状态，看起来较为饱满",
        "D": "损坏",
        "答案": "C"
    },
    "问题4": {
        "题干": "目标物体的形状是什么？",
        "A": "圆形",
        "B": "长条形",
        "C": "方形",
        "D": "三角形",
        "答案": "B"
    },
    "问题5": {
        "题干": "目标物体顶部有什么特征？",
        "A": "一个按钮",
        "B": "一个把手",
        "C": "一个标签",
        "D": "没有特殊特征",
        "答案": "B"
    }
}