{
    "问题1": {
        "Question": "图片中人物穿着的T恤颜色是什么？",
        "Answer": "浅灰色"
    },
    "问题2": {
        "Question": "人物左手腕上戴着什么？",
        "Answer": "手表"
    },
    "问题3": {
        "Question": "沙发上除了人物外，还放着什么物品？",
        "Answer": "手机和白色枕头"
    },
    "问题4": {
        "Question": "桌子上的金属杯子有几个？",
        "Answer": "两个"
    },
    "问题5": {
        "Question": "人物的右手放在哪里？",
        "Answer": "腿上"
    },
    "问题6": {
        "Question": "人物看起来处于什么状态？",
        "Answer": "放松，正在休息或等待"
    },
    "问题7": {
        "Question": "沙发的颜色是什么？",
        "Answer": "棕色"
    },
    "问题8": {
        "Question": "桌子上除了金属杯子外，还有什么物品？",
        "Answer": "一副眼镜"
    }
}