{
    "问题1": {
        "题干": "目标物体的颜色是什么？",
        "A": "棕色",
        "B": "蓝色",
        "C": "绿色",
        "D": "黄色",
        "答案": "A"
    },
    "问题2": {
        "题干": "目标物体的材质是什么？",
        "A": "金属",
        "B": "塑料",
        "C": "充气橡胶",
        "D": "木质",
        "答案": "C"
    },
    "问题3": {
        "题干": "目标物体的状态如何？",
        "A": "未充气状态，表面凹陷。",
        "B": "半充气状态，表面部分平整。",
        "C": "充气状态，表面平整。",
        "D": "破损状态，表面有裂痕。",
        "答案": "C"
    },
    "问题4": {
        "题干": "目标物体上是否有小孔和白色插头？",
        "A": "有一个小孔，没有白色插头。",
        "B": "没有小孔，有一个白色插头。",
        "C": "有一个小孔和一个白色插头。",
        "D": "既没有小孔也没有白色插头。",
        "答案": "C"
    },
    "问题5": {
        "题干": "目标物体的外观特征是什么？",
        "A": "表面粗糙，有纹理。",
        "B": "表面光滑，无明显纹理。",
        "C": "表面有多个凸起。",
        "D": "表面有图案装饰。",
        "答案": "B"
    }
}