{
    "问题1": {
        "题干": "局部图像中的植物叶子主要呈现什么颜色？",
        "A": "绿色",
        "B": "红色",
        "C": "黄色",
        "D": "蓝色",
        "答案": "A"
    },
    "问题2": {
        "题干": "局部图像中植物所在的容器材质是什么？",
        "A": "金属",
        "B": "塑料",
        "C": "透明材质",
        "D": "陶瓷",
        "答案": "C"
    },
    "问题3": {
        "题干": "局部图像中容器底部的冰块呈现出什么状态？",
        "A": "融化",
        "B": "半透明",
        "C": "完全透明",
        "D": "冻结",
        "答案": "D"
    },
    "问题4": {
        "题干": "根据局部图像，植物的整体状态如何？",
        "A": "枯萎",
        "B": "健康",
        "C": "病态",
        "D": "干燥",
        "答案": "B"
    },
    "问题5": {
        "题干": "局部图像中植物叶片的特征描述正确的是？",
        "A": "叶片较小且无叶脉",
        "B": "叶片较大且有明显叶脉",
        "C": "叶片卷曲",
        "D": "叶片边缘有锯齿",
        "答案": "B"
    }
}