{
    "问题1": {
        "Question": "局部图像中的椅子靠背是什么颜色的？",
        "Answer": "深蓝色"
    },
    "问题2": {
        "Question": "根据描述，这把椅子的靠背材质最可能是以下哪种？",
        "Answer": "皮革或仿皮革"
    },
    "问题3": {
        "Question": "局部图像展示的椅子靠背设计为哪种形状？",
        "Answer": "弧形"
    },
    "问题4": {
        "Question": "根据描述，这把椅子的状态如何？",
        "Answer": "完好无损，看起来很新"
    }
}