{
    "问题1": {
        "题干": "充气凳的颜色是什么？",
        "A": "棕色",
        "B": "蓝色",
        "C": "绿色",
        "D": "黄色",
        "答案": "A"
    },
    "问题2": {
        "题干": "充气凳的材质是什么？",
        "A": "木质",
        "B": "金属",
        "C": "充气材质",
        "D": "塑料",
        "答案": "C"
    },
    "问题3": {
        "题干": "充气凳的状态是？",
        "A": "未充气状态",
        "B": "半充气状态",
        "C": "充气状态",
        "D": "损坏状态",
        "答案": "C"
    },
    "问题4": {
        "题干": "充气凳的形状类似于什么？",
        "A": "动物的尾巴",
        "B": "圆形",
        "C": "方形",
        "D": "心形",
        "答案": "A"
    },
    "问题5": {
        "题干": "充气凳表面的特点是什么？",
        "A": "粗糙",
        "B": "有纹理",
        "C": "光滑",
        "D": "有刺",
        "答案": "C"
    }
}