{
    "问题1": {
        "题干": "目标物体的颜色是什么？",
        "A": "白色",
        "B": "黑色",
        "C": "红色",
        "D": "蓝色",
        "答案": "A"
    },
    "问题2": {
        "题干": "目标物体的材质最可能是以下哪种？",
        "A": "金属",
        "B": "塑料或纸板",
        "C": "木材",
        "D": "玻璃",
        "答案": "B"
    },
    "问题3": {
        "题干": "目标物体的状态如何？",
        "A": "杂乱无章",
        "B": "部分散落",
        "C": "整齐地堆放在一起",
        "D": "倒在地上",
        "答案": "C"
    },
    "问题4": {
        "题干": "目标物体表面是否有绑带固定？",
        "A": "有，且为红色",
        "B": "没有",
        "C": "有，且为黑色",
        "D": "有，且为黄色",
        "答案": "C"
    }
}