{
    "问题1": {
        "题干": "根据局部图像，椅子腿的颜色最可能是以下哪种？",
        "A": "深色（黑色或深蓝色）",
        "B": "浅色（白色或米色）",
        "C": "亮色（红色或黄色）",
        "D": "透明色",
        "答案": "A"
    },
    "问题2": {
        "题干": "局部图像中的椅子腿材质看起来更接近于哪种材质？",
        "A": "木质",
        "B": "塑料或金属",
        "C": "布艺",
        "D": "玻璃",
        "答案": "B"
    },
    "问题3": {
        "题干": "根据局部图像，椅子的状态描述正确的是？",
        "A": "椅子完全平放",
        "B": "椅子处于倾斜状态",
        "C": "椅子直立放置",
        "D": "椅子被拆解",
        "答案": "B"
    },
    "问题4": {
        "题干": "局部图像中椅子底部的设计特点是什么？",
        "A": "光滑无设计",
        "B": "有防滑设计",
        "C": "带有装饰图案",
        "D": "镂空设计",
        "答案": "B"
    }
}