{
    "问题1": {
        "题干": "小茶几的颜色是？",
        "A": "浅色（接近米色）",
        "B": "深棕色",
        "C": "黑色",
        "D": "红色",
        "答案": "A"
    },
    "问题2": {
        "题干": "小茶几上的标牌文字内容是什么？",
        "A": "欢迎光临",
        "B": "禁止吸烟",
        "C": "温馨提示",
        "D": "请勿触摸",
        "答案": "C"
    },
    "问题3": {
        "题干": "小茶几的材质最可能是？",
        "A": "金属",
        "B": "塑料",
        "C": "木质或贴皮木质",
        "D": "玻璃",
        "答案": "C"
    },
    "问题4": {
        "题干": "小茶几上的黑色物品最有可能是什么？",
        "A": "遥控器",
        "B": "手机",
        "C": "装饰品",
        "D": "眼镜盒",
        "答案": "A"
    },
    "问题5": {
        "题干": "小茶几的状态描述正确的是？",
        "A": "杂乱无章",
        "B": "有明显污渍",
        "C": "干净整洁，物品摆放整齐",
        "D": "破损严重",
        "答案": "C"
    }
}