{
    "问题1": {
        "Question": "局部图像中的充气小凳子是什么颜色的？",
        "Answer": "棕色"
    },
    "问题2": {
        "Question": "局部图像中的充气小凳子上贴有什么？",
        "Answer": "白色标签"
    },
    "问题3": {
        "Question": "局部图像中的充气小凳子的材质是什么？",
        "Answer": "充气橡胶"
    },
    "问题4": {
        "Question": "局部图像中的充气小凳子处于什么状态？",
        "Answer": "充气状态，可以使用"
    },
    "问题5": {
        "Question": "局部图像中的充气小凳子形状像什么动物？",
        "Answer": "小猪"
    }
}