{
    "问题1": {
        "Question": "图片中的饮水机是什么颜色的？",
        "Answer": "白色"
    },
    "问题2": {
        "Question": "饮水机顶部的水箱是透明的吗？",
        "Answer": "是"
    },
    "问题3": {
        "Question": "饮水机前面是否有通风孔和显示屏？",
        "Answer": "有"
    },
    "问题4": {
        "Question": "饮水机的主要材质是什么？",
        "Answer": "塑料"
    },
    "问题5": {
        "Question": "饮水机当前的状态是什么？",
        "Answer": "静止"
    }
}