{
    "问题1": {
        "题干": "充气凳的颜色组合是？",
        "A": "棕色和白色",
        "B": "蓝色和黄色",
        "C": "红色和黑色",
        "D": "绿色和灰色",
        "答案": "A"
    },
    "问题2": {
        "题干": "充气凳的材质看起来是什么？",
        "A": "木质",
        "B": "金属",
        "C": "橡胶或类似材料",
        "D": "塑料",
        "答案": "C"
    },
    "问题3": {
        "题干": "充气凳表面的形状是？",
        "A": "方形",
        "B": "圆形",
        "C": "三角形",
        "D": "椭圆形",
        "答案": "B"
    },
    "问题4": {
        "题干": "充气凳上有几个把手？",
        "A": "0个",
        "B": "1个",
        "C": "2个",
        "D": "3个",
        "答案": "C"
    },
    "问题5": {
        "题干": "充气凳当前的状态是？",
        "A": "未充气状态",
        "B": "半充气状态",
        "C": "充气状态",
        "D": "损坏状态",
        "答案": "C"
    }
}