{
    "问题1": {
        "题干": "局部图像中的瓶装水瓶身的颜色是什么？",
        "A": "透明",
        "B": "蓝色",
        "C": "绿色",
        "D": "棕色",
        "答案": "A"
    },
    "问题2": {
        "题干": "局部图像中的瓶装水标签的颜色是什么？",
        "A": "红色",
        "B": "黄色",
        "C": "灰色",
        "D": "白色",
        "答案": "C"
    },
    "问题3": {
        "题干": "局部图像中的瓶装水的材质是什么？",
        "A": "玻璃",
        "B": "金属",
        "C": "塑料",
        "D": "陶瓷",
        "答案": "C"
    },
    "问题4": {
        "题干": "局部图像中的瓶装水的状态是？",
        "A": "已开封",
        "B": "部分开封",
        "C": "未开封",
        "D": "损坏",
        "答案": "C"
    },
    "问题5": {
        "题干": "局部图像中的瓶装水排列方式如何？",
        "A": "杂乱无章",
        "B": "随机摆放",
        "C": "整齐排列",
        "D": "堆叠放置",
        "答案": "C"
    }
}