{
    "问题1": {
        "题干": "充气凳的主要颜色是什么？",
        "A": "棕色和白色",
        "B": "蓝色和黄色",
        "C": "红色和黑色",
        "D": "绿色和橙色",
        "答案": "A"
    },
    "问题2": {
        "题干": "充气凳的材质最可能是以下哪种？",
        "A": "木质",
        "B": "金属",
        "C": "PVC或类似材料",
        "D": "布料",
        "答案": "C"
    },
    "问题3": {
        "题干": "充气凳的设计形状像什么动物？",
        "A": "狮子",
        "B": "大象",
        "C": "老虎",
        "D": "熊",
        "答案": "B"
    },
    "问题4": {
        "题干": "充气凳目前的状态是？",
        "A": "未充气",
        "B": "半充气",
        "C": "充气状态，可以使用",
        "D": "损坏",
        "答案": "C"
    },
    "问题5": {
        "题干": "充气凳的背部有什么特征？",
        "A": "有白色的耳朵",
        "B": "有黑色的角",
        "C": "有绿色的尾巴",
        "D": "有红色的眼睛",
        "答案": "A"
    }
}