{
    "问题1": {
        "Question": "图片中人物穿着的上衣和裤子的颜色是什么？",
        "Answer": "深色"
    },
    "问题2": {
        "Question": "人物坐在沙发上时，脚放在什么物体上？",
        "Answer": "棕色的靠垫"
    },
    "问题3": {
        "Question": "小桌子上的瓶子是什么颜色的？",
        "Answer": "透明色"
    },
    "问题4": {
        "Question": "人物的右手和左手分别放在哪里？",
        "Answer": "右手放在沙发上，左手放在腿上"
    },
    "问题5": {
        "Question": "根据图片描述，人物的状态看起来如何？",
        "Answer": "很放松，可能在休息或等待"
    },
    "问题6": {
        "Question": "沙发上的靠垫材质最可能是哪种？",
        "Answer": "布艺"
    },
    "问题7": {
        "Question": "人物的双腿处于什么状态？",
        "Answer": "交叉"
    },
    "问题8": {
        "Question": "人物的脚上是否穿了鞋？",
        "Answer": "没有穿鞋"
    }
}