{
    "问题1": {
        "Question": "局部图像中的背景颜色主要由哪两种颜色组成？",
        "Answer": "深蓝和橙色"
    },
    "问题2": {
        "Question": "局部图像中两个人物的姿态是怎样的？",
        "Answer": "相拥"
    },
    "问题3": {
        "Question": "局部图像的整体色调如何描述？",
        "Answer": "整体色调较暗"
    },
    "问题4": {
        "Question": "局部图像的材质看起来是什么样的？",
        "Answer": "光滑的纸张或画布"
    },
    "问题5": {
        "Question": "局部图像的状态描述正确的是？",
        "Answer": "被装在一个黑色的相框中，相框挂在墙上"
    }
}