{
    "问题1": {
        "题干": "根据局部图像描述，目标物体上的中文文字是什么？",
        "A": "西门子",
        "B": "海尔",
        "C": "格力",
        "D": "美的",
        "答案": "A"
    },
    "问题2": {
        "题干": "目标物体上的英文标识是什么？",
        "A": "Siemens",
        "B": "Haier",
        "C": "Galanz",
        "D": "Midea",
        "答案": "A"
    },
    "问题3": {
        "题干": "目标物体的主要颜色组合是？",
        "A": "蓝色和白色",
        "B": "红色和黄色",
        "C": "绿色和黑色",
        "D": "橙色和灰色",
        "答案": "A"
    },
    "问题4": {
        "题干": "目标物体的材质看起来像是什么？",
        "A": "金属或塑料",
        "B": "木质",
        "C": "布料",
        "D": "玻璃",
        "答案": "A"
    },
    "问题5": {
        "题干": "目标物体的状态如何？",
        "A": "模糊不清",
        "B": "部分遮挡",
        "C": "清晰可见",
        "D": "完全不可见",
        "答案": "C"
    }
}