{
    "问题1": {
        "Question": "展示盒上的汽车图片主要颜色是什么？",
        "Answer": "灰色和黑色"
    },
    "问题2": {
        "Question": "这些展示盒的材质最可能是以下哪种？",
        "Answer": "纸板或塑料"
    },
    "问题3": {
        "Question": "展示盒的状态如何描述？",
        "Answer": "新的，没有明显的损坏或磨损"
    },
    "问题4": {
        "Question": "展示盒的数量是多少？",
        "Answer": "三个"
    }
}