{
    "问题1": {
        "题干": "小茶几的主要材质是什么？",
        "A": "木质或贴皮木质",
        "B": "金属",
        "C": "塑料",
        "D": "玻璃",
        "答案": "A"
    },
    "问题2": {
        "题干": "小茶几上的相框盒里装有什么？",
        "A": "书籍和笔",
        "B": "照片和小物件",
        "C": "文件和剪刀",
        "D": "糖果和钥匙",
        "答案": "B"
    },
    "问题3": {
        "题干": "小茶几的颜色是？",
        "A": "深棕色",
        "B": "黑色",
        "C": "浅色（米色或象牙色）",
        "D": "红色",
        "答案": "C"
    },
    "问题4": {
        "题干": "小茶几上放置了几个不锈钢保温杯？",
        "A": "一个",
        "B": "两个",
        "C": "三个",
        "D": "四个",
        "答案": "B"
    },
    "问题5": {
        "题干": "小茶几上的物品摆放状态如何？",
        "A": "杂乱无章",
        "B": "部分有序",
        "C": "整洁，物品摆放有序",
        "D": "随意堆放",
        "答案": "C"
    }
}