{
    "问题1": {
        "Question": "目标物体的主要颜色是什么？",
        "Answer": "黑色和蓝色"
    },
    "问题2": {
        "Question": "包装盒上的图片内容是什么？",
        "Answer": "汽车和赛道"
    },
    "问题3": {
        "Question": "这套DVD或蓝光光盘的包装材质看起来是什么？",
        "Answer": "塑料或硬纸板"
    },
    "问题4": {
        "Question": "包装盒的状态如何？",
        "Answer": "完好无损，但有些许褶皱"
    },
    "问题5": {
        "Question": "这套DVD或蓝光光盘包含几盒？",
        "Answer": "三盒"
    }
}