{
    "问题1": {
        "题干": "目标物体的植物叶子主要呈现什么颜色？",
        "A": "绿色",
        "B": "红色",
        "C": "黄色",
        "D": "蓝色",
        "答案": "A"
    },
    "问题2": {
        "题干": "固定植物的冰块状物体表面具有何种特征？",
        "A": "光滑无纹理",
        "B": "有规则的条纹",
        "C": "有不规则的白色纹理",
        "D": "完全透明无任何纹理",
        "答案": "C"
    },
    "问题3": {
        "题干": "该装饰植物的整体状态是？",
        "A": "摇摆",
        "B": "旋转",
        "C": "静止",
        "D": "移动",
        "答案": "C"
    },
    "问题4": {
        "题干": "冰块状物体的主要材质是什么？",
        "A": "金属",
        "B": "塑料",
        "C": "玻璃",
        "D": "透明材质（类似冰）",
        "答案": "D"
    },
    "问题5": {
        "题干": "植物叶片的外观特征包括？",
        "A": "小而密集",
        "B": "大且有明显叶脉",
        "C": "细长如针",
        "D": "卷曲如花",
        "答案": "B"
    }
}