{
    "问题1": {
        "题干": "局部图像中的背景色调主要由哪两种颜色构成？",
        "A": "深蓝和橙色",
        "B": "红色和绿色",
        "C": "黄色和紫色",
        "D": "白色和黑色",
        "答案": "A"
    },
    "问题2": {
        "题干": "局部图像中的人物场景发生在什么时间段？",
        "A": "清晨",
        "B": "中午",
        "C": "黄昏或夜晚",
        "D": "深夜",
        "答案": "C"
    },
    "问题3": {
        "题干": "局部图像的材质看起来像是什么？",
        "A": "粗糙的布料",
        "B": "光滑的纸张或画布",
        "C": "金属板",
        "D": "塑料薄膜",
        "答案": "B"
    },
    "问题4": {
        "题干": "局部图像的状态描述正确的是？",
        "A": "图片被随意放置在桌子上",
        "B": "图片被装在一个黑色的相框中并挂在墙上",
        "C": "图片被卷起来放在角落",
        "D": "图片被贴在玻璃上",
        "答案": "B"
    },
    "问题5": {
        "题干": "局部图像中地面上的反光光斑可能是由什么造成的？",
        "A": "阳光直射",
        "B": "路灯或水面的反射",
        "C": "室内灯光",
        "D": "汽车前灯",
        "答案": "B"
    }
}