{
    "问题1": {
        "Question": "局部图像中的椅子椅背顶部的颜色组合是什么？",
        "Answer": "深蓝色和米白色"
    },
    "问题2": {
        "Question": "根据局部图像，这把椅子的材质最有可能是什么？",
        "Answer": "塑料或金属框架，表面覆盖软垫"
    },
    "问题3": {
        "Question": "局部图像展示的椅子状态如何？",
        "Answer": "椅子看起来完好无损，没有明显的损坏或磨损。"
    },
    "问题4": {
        "Question": "局部图像中椅子的设计风格可以描述为哪种类型？",
        "Answer": "现代"
    },
    "问题5": {
        "Question": "局部图像中的椅子椅背设计成什么形状？",
        "Answer": "弧形"
    }
}