{
    "问题1": {
        "题干": "目标物体的主要颜色是什么？",
        "A": "白色",
        "B": "黑色",
        "C": "灰色",
        "D": "蓝色",
        "答案": "A"
    },
    "问题2": {
        "题干": "目标物体的材质最可能是以下哪种？",
        "A": "金属",
        "B": "塑料",
        "C": "木材",
        "D": "玻璃",
        "答案": "B"
    },
    "问题3": {
        "题干": "目标物体的状态如何？",
        "A": "破损",
        "B": "老旧",
        "C": "完好",
        "D": "生锈",
        "答案": "C"
    },
    "问题4": {
        "题干": "目标物体正面有几个黑色按钮？",
        "A": "一个",
        "B": "两个",
        "C": "三个",
        "D": "四个",
        "答案": "B"
    },
    "问题5": {
        "题干": "目标物体顶部是否有开口？",
        "A": "有",
        "B": "没有",
        "C": "不确定",
        "D": "封闭",
        "答案": "A"
    }
}