{
    "问题1": {
        "题干": "桌子上的透明玻璃花瓶里插着什么？",
        "A": "一株绿色植物",
        "B": "一朵红色花朵",
        "C": "几根树枝",
        "D": "没有插任何东西",
        "答案": "A"
    },
    "问题2": {
        "题干": "桌子的颜色是什么？",
        "A": "深棕色",
        "B": "黑色",
        "C": "浅木色",
        "D": "白色",
        "答案": "C"
    },
    "问题3": {
        "题干": "桌子的材质是什么？",
        "A": "塑料",
        "B": "金属",
        "C": "木质",
        "D": "玻璃",
        "答案": "C"
    },
    "问题4": {
        "题干": "桌子上放置的一排白色盒子的数量是多少？",
        "A": "5个",
        "B": "6个",
        "C": "7个",
        "D": "8个",
        "答案": "B"
    },
    "问题5": {
        "题干": "桌子的状态如何？",
        "A": "杂乱无章",
        "B": "有明显污渍",
        "C": "干净整洁",
        "D": "破损不堪",
        "答案": "C"
    }
}