{
    "问题1": {
        "Question": "目标物体的颜色是什么？",
        "Answer": "白色"
    },
    "问题2": {
        "Question": "目标物体的材质最可能是以下哪种？",
        "Answer": "塑料或纸板"
    },
    "问题3": {
        "Question": "目标物体的状态如何描述？",
        "Answer": "整齐地堆放在一起"
    },
    "问题4": {
        "Question": "目标物体表面是否有固定用的绑带？",
        "Answer": "有黑色的绑带"
    }
}