{
    "问题1": {
        "题干": "目标物体的颜色是什么？",
        "A": "白色",
        "B": "黑色",
        "C": "灰色",
        "D": "蓝色",
        "答案": "A"
    },
    "问题2": {
        "题干": "目标物体的材质最可能是以下哪种？",
        "A": "塑料或硬纸板",
        "B": "金属",
        "C": "玻璃",
        "D": "布料",
        "答案": "A"
    },
    "问题3": {
        "题干": "目标物体的状态如何？",
        "A": "破损",
        "B": "部分开封",
        "C": "完好，未开封",
        "D": "正在使用",
        "答案": "C"
    },
    "问题4": {
        "题干": "目标物体正面有哪些特征？",
        "A": "两个黑色的小孔和一条黑色的水平线",
        "B": "一个红色的按钮",
        "C": "多个彩色图案",
        "D": "没有任何标记",
        "答案": "A"
    },
    "问题5": {
        "题干": "目标物体的形状描述正确的是？",
        "A": "圆形",
        "B": "长方体",
        "C": "球形",
        "D": "三角形",
        "答案": "B"
    }
}