{
    "问题1": {
        "题干": "图片中人物穿着的上衣和裤子的颜色是？",
        "A": "深色",
        "B": "浅色",
        "C": "彩色",
        "D": "白色",
        "答案": "A"
    },
    "问题2": {
        "题干": "人物坐在沙发上时，脚放在哪里？",
        "A": "地板上",
        "B": "桌子上",
        "C": "靠垫上",
        "D": "另一只脚上",
        "答案": "C"
    },
    "问题3": {
        "题干": "小桌子上的瓶子是什么颜色的？",
        "A": "红色",
        "B": "蓝色",
        "C": "透明色",
        "D": "绿色",
        "答案": "C"
    },
    "问题4": {
        "题干": "人物的右手和左手分别放在哪里？",
        "A": "右手在腿上，左手在沙发上",
        "B": "双手都在沙发上",
        "C": "右手在沙发上，左手在腿上",
        "D": "双手都在腿上",
        "答案": "C"
    },
    "问题5": {
        "题干": "根据图片描述，人物的状态看起来如何？",
        "A": "紧张",
        "B": "忙碌",
        "C": "放松",
        "D": "焦虑",
        "答案": "C"
    }
}