{
    "问题1": {
        "题干": "目标物体（人）穿着的上衣颜色是？",
        "A": "深色",
        "B": "浅色",
        "C": "亮色",
        "D": "彩色",
        "答案": "A"
    },
    "问题2": {
        "题干": "目标物体（人）脚上穿的鞋子是什么颜色的？",
        "A": "纯黑色",
        "B": "纯白色",
        "C": "黑白相间",
        "D": "灰色",
        "答案": "C"
    },
    "问题3": {
        "题干": "目标物体（人）站在室内环境中的姿态是？",
        "A": "身体直立，双手背后",
        "B": "身体略微前倾，双手自然下垂",
        "C": "身体后仰，双手叉腰",
        "D": "身体侧立，单手扶墙",
        "答案": "B"
    },
    "问题4": {
        "题干": "目标物体（人）的裤子材质看起来像是什么？",
        "A": "丝绸",
        "B": "棉质或合成纤维",
        "C": "皮革",
        "D": "牛仔布",
        "答案": "B"
    },
    "问题5": {
        "题干": "目标物体（人）的手部状态是？",
        "A": "双手交叉胸前",
        "B": "一只手扶墙，一只手自然下垂",
        "C": "双手插兜",
        "D": "双手举过头顶",
        "答案": "B"
    }
}