{
    "问题1": {
        "Question": "指示牌上的箭头指向哪个方向？",
        "Answer": "右"
    },
    "问题2": {
        "Question": "指示牌的背景颜色是什么？",
        "Answer": "黑色"
    },
    "问题3": {
        "Question": "指示牌上的文字和图标是什么颜色？",
        "Answer": "白色"
    },
    "问题4": {
        "Question": "指示牌上除了箭头和人形图标外，还有什么内容？",
        "Answer": "文字"
    },
    "问题5": {
        "Question": "指示牌看起来是由什么材质制成的？",
        "Answer": "塑料或金属"
    },
    "问题6": {
        "Question": "指示牌的状态如何？",
        "Answer": "完好，清晰可见"
    }
}