{
    "问题1": {
        "Question": "沙发的颜色是什么？",
        "Answer": "棕色"
    },
    "问题2": {
        "Question": "茶几上放置了哪些物品？",
        "Answer": "水瓶、玻璃杯和零食"
    },
    "问题3": {
        "Question": "沙发上坐着几个人？",
        "Answer": "两个人"
    },
    "问题4": {
        "Question": "沙发的材质看起来是什么？",
        "Answer": "布料"
    },
    "问题5": {
        "Question": "沙发前的茶几颜色是什么？",
        "Answer": "浅色"
    },
    "问题6": {
        "Question": "沙发的状态如何？",
        "Answer": "整洁，有人坐在沙发上"
    }
}