{
    "问题1": {
        "题干": "图片中的人穿着什么颜色的T恤？",
        "A": "浅灰色",
        "B": "深蓝色",
        "C": "白色",
        "D": "黑色",
        "答案": "A"
    },
    "问题2": {
        "题干": "沙发上放置的靠垫是什么颜色的？",
        "A": "红色",
        "B": "蓝色",
        "C": "白色",
        "D": "绿色",
        "答案": "C"
    },
    "问题3": {
        "题干": "此人左手腕上戴着什么？",
        "A": "手链",
        "B": "手表",
        "C": "戒指",
        "D": "无任何物品",
        "答案": "B"
    },
    "问题4": {
        "题干": "桌子上的杯子有几个？",
        "A": "一个",
        "B": "两个",
        "C": "三个",
        "D": "四个",
        "答案": "B"
    },
    "问题5": {
        "题干": "此人的右手放在哪里？",
        "A": "沙发扶手上",
        "B": "腿上",
        "C": "桌子上",
        "D": "背后",
        "答案": "B"
    }
}