{
    "问题1": {
        "Question": "局部图像中的目标物体是什么颜色的？",
        "Answer": "棕色"
    },
    "问题2": {
        "Question": "局部图像中的目标物体是由什么材质制成的？",
        "Answer": "充气材质"
    },
    "问题3": {
        "Question": "局部图像中的目标物体处于什么状态？",
        "Answer": "充气状态，看起来较为饱满"
    },
    "问题4": {
        "Question": "局部图像中的目标物体顶部有什么特征？",
        "Answer": "有一个把手"
    }
}