{
    "问题1": {
        "题干": "根据局部图像，椅子的靠背颜色是？",
        "A": "深蓝色",
        "B": "浅灰色",
        "C": "米白色",
        "D": "亮黄色",
        "答案": "A"
    },
    "问题2": {
        "题干": "椅子的靠背材质最可能是以下哪种？",
        "A": "木质",
        "B": "塑料",
        "C": "皮革或仿皮革",
        "D": "布艺",
        "答案": "C"
    },
    "问题3": {
        "题干": "从局部图像来看，椅子的状态如何？",
        "A": "有明显磨损",
        "B": "破旧不堪",
        "C": "完好无损，看起来很新",
        "D": "部分损坏",
        "答案": "C"
    },
    "问题4": {
        "题干": "椅子靠背的设计风格是？",
        "A": "直线型设计",
        "B": "弧形设计",
        "C": "方形设计",
        "D": "多边形设计",
        "答案": "B"
    },
    "问题5": {
        "题干": "根据描述和局部图像，这把椅子的整体感觉如何？",
        "A": "硬朗且不舒适",
        "B": "柔软且舒适",
        "C": "设计粗糙",
        "D": "外观陈旧",
        "答案": "B"
    }
}