{
    "问题1": {
        "Question": "图片中的人穿着什么颜色的T恤？",
        "Answer": "浅灰色"
    },
    "问题2": {
        "Question": "沙发上放置的靠垫是什么颜色的？",
        "Answer": "白色"
    },
    "问题3": {
        "Question": "此人左手腕上戴着什么？",
        "Answer": "手表"
    },
    "问题4": {
        "Question": "桌子上放着几个杯子？",
        "Answer": "两个"
    },
    "问题5": {
        "Question": "此人的右手放在哪里？",
        "Answer": "腿上"
    },
    "问题6": {
        "Question": "沙发的颜色是什么？",
        "Answer": "棕色"
    },
    "问题7": {
        "Question": "桌子上的眼镜框架可能是由什么材质制成的？",
        "Answer": "金属或塑料"
    },
    "问题8": {
        "Question": "此人看起来处于什么状态？",
        "Answer": "放松"
    }
}