{
    "问题1": {
        "Question": "这幅装饰画的主要颜色是什么？",
        "Answer": "深色调，背景为橙色和深蓝色的渐变，人物为黑色剪影，光斑为白色。"
    },
    "问题2": {
        "Question": "画中描绘了两个人在做什么？",
        "Answer": "拥抱或亲吻。"
    },
    "问题3": {
        "Question": "装饰画的背景颜色从什么颜色渐变到什么颜色？",
        "Answer": "从橙色渐变到深蓝色。"
    },
    "问题4": {
        "Question": "画作的状态如何？",
        "Answer": "状态良好，装裱整齐，挂在墙上。"
    },
    "问题5": {
        "Question": "装饰画的材质看起来是什么？",
        "Answer": "印刷在画布或纸张上的装饰画，装裱在画框中。"
    }
}