{
    "问题1": {
        "题干": "沙发的颜色是什么？",
        "A": "棕色",
        "B": "灰色",
        "C": "蓝色",
        "D": "黑色",
        "答案": "A"
    },
    "问题2": {
        "题干": "茶几上放置了哪些物品？",
        "A": "水瓶、玻璃杯和零食",
        "B": "书籍和杂志",
        "C": "花瓶和装饰品",
        "D": "电脑和文件",
        "答案": "A"
    },
    "问题3": {
        "题干": "沙发的材质是什么？",
        "A": "金属",
        "B": "布料",
        "C": "皮革",
        "D": "塑料",
        "答案": "B"
    },
    "问题4": {
        "题干": "沙发上坐着几个人？",
        "A": "1",
        "B": "2",
        "C": "3",
        "D": "4",
        "答案": "B"
    },
    "问题5": {
        "题干": "沙发的状态如何？",
        "A": "杂乱无章",
        "B": "破损不堪",
        "C": "整洁，有人坐在上面",
        "D": "空无一人",
        "答案": "C"
    }
}