{
    "问题1": {
        "Question": "目标物体的颜色是什么？",
        "Answer": "白色"
    },
    "问题2": {
        "Question": "目标物体的材质最可能是以下哪种？",
        "Answer": "塑料或硬纸板"
    },
    "问题3": {
        "Question": "目标物体正面有多少个黑色的小孔？",
        "Answer": "两个"
    },
    "问题4": {
        "Question": "目标物体的状态如何？",
        "Answer": "完好，未开封"
    },
    "问题5": {
        "Question": "目标物体的形状是什么？",
        "Answer": "长方体"
    },
    "问题6": {
        "Question": "目标物体正面除了黑色小孔外，还有什么特征？",
        "Answer": "一条黑色的水平线"
    }
}