{
    "问题1": {
        "题干": "充气小凳子的主要颜色是什么？",
        "A": "棕色",
        "B": "黄色",
        "C": "蓝色",
        "D": "绿色",
        "答案": "A"
    },
    "问题2": {
        "题干": "充气小凳子的材质是什么？",
        "A": "塑料",
        "B": "木头",
        "C": "充气橡胶",
        "D": "金属",
        "答案": "C"
    },
    "问题3": {
        "题干": "充气小凳子的状态如何？",
        "A": "未充气",
        "B": "半充气",
        "C": "充气状态，可以使用",
        "D": "损坏",
        "答案": "C"
    },
    "问题4": {
        "题干": "充气小凳子的形状像什么动物？",
        "A": "小狗",
        "B": "小猪",
        "C": "小猫",
        "D": "小羊",
        "答案": "B"
    },
    "问题5": {
        "题干": "充气小凳子上贴有什么？",
        "A": "红色标签",
        "B": "黑色标签",
        "C": "白色标签",
        "D": "无标签",
        "答案": "C"
    }
}