{
    "问题1": {
        "题干": "柜子的颜色是？",
        "A": "浅棕色",
        "B": "深棕色",
        "C": "白色",
        "D": "黑色",
        "答案": "A"
    },
    "问题2": {
        "题干": "柜子的材质是什么？",
        "A": "金属",
        "B": "塑料",
        "C": "木质",
        "D": "玻璃",
        "答案": "C"
    },
    "问题3": {
        "题干": "柜子的状态如何？",
        "A": "杂乱无章",
        "B": "破损不堪",
        "C": "整洁有序",
        "D": "空无一物",
        "答案": "C"
    },
    "问题4": {
        "题干": "柜台上摆放的物品中，下列哪一项没有出现？",
        "A": "植物",
        "B": "纸巾盒",
        "C": "包装盒",
        "D": "花瓶",
        "答案": "D"
    },
    "问题5": {
        "题干": "柜子的设计风格属于哪种类型？",
        "A": "现代简约",
        "B": "古典欧式",
        "C": "工业风",
        "D": "田园风",
        "答案": "A"
    }
}