{
    "问题1": {
        "题干": "装饰画中的SUV车身颜色是什么？",
        "A": "银色",
        "B": "黑色",
        "C": "红色",
        "D": "蓝色",
        "答案": "A"
    },
    "问题2": {
        "题干": "装饰画背景的主要颜色是什么？",
        "A": "黄色",
        "B": "绿色",
        "C": "紫色",
        "D": "橙色",
        "答案": "B"
    },
    "问题3": {
        "题干": "装饰画右下角可以看到什么物体的一部分？",
        "A": "帐篷",
        "B": "树木",
        "C": "河流",
        "D": "山脉",
        "答案": "A"
    },
    "问题4": {
        "题干": "装饰画的整体状态如何？",
        "A": "模糊不清",
        "B": "有明显破损",
        "C": "状态良好，画面清晰",
        "D": "色彩褪色严重",
        "答案": "C"
    },
    "问题5": {
        "题干": "装饰画中SUV停在什么地方？",
        "A": "沙滩上",
        "B": "草地上",
        "C": "雪地上",
        "D": "岩石上",
        "答案": "B"
    }
}