{
    "问题1": {
        "Question": "局部图像中的椅子腿呈现什么颜色？",
        "Answer": "深色（可能是黑色或深蓝色）"
    },
    "问题2": {
        "Question": "根据局部图像，椅子的材质最有可能是什么？",
        "Answer": "塑料或金属材质"
    },
    "问题3": {
        "Question": "局部图像显示椅子处于何种状态？",
        "Answer": "倾斜状态，可能靠在桌子或其他物体上"
    },
    "问题4": {
        "Question": "椅子底部的设计功能是什么？",
        "Answer": "防滑设计"
    }
}