{
    "问题1": {
        "Question": "脚凳的主要颜色是什么？",
        "Answer": "浅棕色"
    },
    "问题2": {
        "Question": "脚凳的材质看起来是什么？",
        "Answer": "布艺"
    },
    "问题3": {
        "Question": "脚凳的状态如何？",
        "Answer": "完好"
    },
    "问题4": {
        "Question": "脚凳的设计风格可以描述为哪种类型？",
        "Answer": "简约"
    },
    "问题5": {
        "Question": "脚凳由几个方形部分组成？",
        "Answer": "两个"
    },
    "问题6": {
        "Question": "脚凳表面的特点是什么？",
        "Answer": "平整"
    }
}