{
    "问题1": {
        "题干": "图片中的饮水机主体颜色是什么？",
        "A": "白色",
        "B": "黑色",
        "C": "蓝色",
        "D": "红色",
        "答案": "A"
    },
    "问题2": {
        "题干": "饮水机的材质看起来主要是由什么制成的？",
        "A": "金属",
        "B": "玻璃",
        "C": "塑料",
        "D": "木材",
        "答案": "C"
    },
    "问题3": {
        "题干": "饮水机顶部有一个透明的部分，它的功能是什么？",
        "A": "装饰",
        "B": "水箱",
        "C": "按钮",
        "D": "通风孔",
        "答案": "B"
    },
    "问题4": {
        "题干": "饮水机前面的显示屏显示的是什么内容？",
        "A": "温度",
        "B": "时间",
        "C": "水量",
        "D": "状态信息",
        "答案": "D"
    },
    "问题5": {
        "题干": "饮水机前面有几个通风孔？",
        "A": "三个",
        "B": "四个",
        "C": "五个",
        "D": "六个",
        "答案": "B"
    }
}