{
    "问题1": {
        "Question": "脚凳的主要颜色是什么？",
        "Answer": "米色"
    },
    "问题2": {
        "Question": "脚凳的材质看起来是什么？",
        "Answer": "布料"
    },
    "问题3": {
        "Question": "脚凳的状态如何？",
        "Answer": "完好"
    },
    "问题4": {
        "Question": "脚凳的设计风格可以描述为哪种类型？",
        "Answer": "简洁"
    },
    "问题5": {
        "Question": "脚凳的表面特征是什么样的？",
        "Answer": "平整"
    }
}