{
    "问题1": {
        "Question": "局部图像中，站在车顶上的两个人分别穿着什么颜色的衣服？",
        "Answer": "一个人穿着深色衣服，另一个人穿着橙色衣服。"
    },
    "问题2": {
        "Question": "局部图像的背景颜色是什么？",
        "Answer": "灰蓝色"
    },
    "问题3": {
        "Question": "局部图像中的车顶上有什么特征？",
        "Answer": "车顶上有一个标志。"
    },
    "问题4": {
        "Question": "局部图像的整体材质看起来是什么样的？",
        "Answer": "印刷在某种平滑的材质上，可能是画框或墙上的装饰画。"
    },
    "问题5": {
        "Question": "局部图像的状态如何？",
        "Answer": "图片看起来是悬挂或展示的状态，没有明显的损坏或污渍。"
    }
}