{
    "问题1": {
        "Question": "局部图像中的植物叶片颜色是什么？",
        "Answer": "深绿色"
    },
    "问题2": {
        "Question": "根据局部图像，该植物的生长状态如何？",
        "Answer": "生长状态良好，枝叶繁茂"
    },
    "问题3": {
        "Question": "局部图像中的植物叶片材质是什么？",
        "Answer": "叶片为植物材质"
    },
    "问题4": {
        "Question": "局部图像中的植物叶片形状描述正确的是？",
        "Answer": "椭圆形"
    }
}