{
    "问题1": {
        "题干": "这幅装饰画的背景颜色主要由什么组成？",
        "A": "橙色和深蓝色的渐变",
        "B": "红色和绿色的渐变",
        "C": "黄色和紫色的渐变",
        "D": "蓝色和绿色的渐变",
        "答案": "A"
    },
    "问题2": {
        "题干": "画中人物的表现形式是什么？",
        "A": "彩色写实",
        "B": "抽象图案",
        "C": "黑色剪影",
        "D": "水彩风格",
        "答案": "C"
    },
    "问题3": {
        "题干": "装饰画下方的光斑最可能是什么造成的？",
        "A": "自然光线的直接照射",
        "B": "灯光的反射",
        "C": "画布上的特殊颜料",
        "D": "窗户的反光",
        "答案": "B"
    },
    "问题4": {
        "题干": "这幅装饰画的材质看起来是什么？",
        "A": "金属板",
        "B": "印刷在画布或纸张上并装裱在画框中",
        "C": "陶瓷",
        "D": "塑料",
        "答案": "B"
    },
    "问题5": {
        "题干": "装饰画的整体状态如何？",
        "A": "有明显的破损和褶皱",
        "B": "部分褪色且装裱松动",
        "C": "状态良好，装裱整齐",
        "D": "严重污损，难以辨认",
        "答案": "C"
    }
}