{
    "问题1": {
        "Question": "小茶几的颜色是什么？",
        "Answer": "浅色（接近米色）"
    },
    "问题2": {
        "Question": "小茶几上的标牌文字内容是什么？",
        "Answer": "友情提示"
    },
    "问题3": {
        "Question": "小茶几的材质最可能是以下哪种？",
        "Answer": "木质或贴皮木质"
    },
    "问题4": {
        "Question": "小茶几上放置的黑色物品是什么形状的？",
        "Answer": "圆柱形"
    },
    "问题5": {
        "Question": "小茶几的状态如何描述？",
        "Answer": "干净整洁，物品摆放整齐"
    }
}