{
    "问题1": {
        "题干": "目标人物穿着的上衣颜色是？",
        "A": "深色",
        "B": "浅色",
        "C": "亮色",
        "D": "彩色",
        "答案": "A"
    },
    "问题2": {
        "题干": "目标人物的状态如何？",
        "A": "紧张状态",
        "B": "运动状态",
        "C": "放松状态",
        "D": "站立状态",
        "答案": "C"
    },
    "问题3": {
        "题干": "目标人物的脚上是否穿了鞋？",
        "A": "穿了白色鞋",
        "B": "穿了黑色鞋",
        "C": "没有穿鞋",
        "D": "穿了拖鞋",
        "答案": "C"
    },
    "问题4": {
        "题干": "目标人物坐在沙发上的姿势是？",
        "A": "双腿并拢",
        "B": "双腿交叉",
        "C": "单腿翘起",
        "D": "双腿伸直",
        "答案": "B"
    },
    "问题5": {
        "题干": "目标人物的上衣材质看起来像是什么？",
        "A": "丝绸",
        "B": "棉质或类似材质",
        "C": "皮革",
        "D": "尼龙",
        "答案": "B"
    }
}