{
    "问题1": {
        "Question": "桌子上的透明玻璃花瓶里插着什么？",
        "Answer": "一株绿色植物"
    },
    "问题2": {
        "Question": "桌子的颜色是什么？",
        "Answer": "浅木色"
    },
    "问题3": {
        "Question": "桌子上放置的一排白色盒子有多少个？",
        "Answer": "六个"
    },
    "问题4": {
        "Question": "桌子的材质是什么？",
        "Answer": "木质"
    },
    "问题5": {
        "Question": "桌子的状态如何？",
        "Answer": "干净整洁"
    }
}