{
    "问题1": {
        "题干": "目标物体的颜色是什么？",
        "A": "白色",
        "B": "黑色",
        "C": "黄色",
        "D": "红色",
        "答案": "A"
    },
    "问题2": {
        "题干": "目标物体的材质最可能是以下哪种？",
        "A": "金属",
        "B": "塑料或纸质",
        "C": "木质",
        "D": "玻璃",
        "答案": "B"
    },
    "问题3": {
        "题干": "目标物体的状态如何？",
        "A": "全新未使用",
        "B": "已损坏",
        "C": "已使用，文件夹内有文件",
        "D": "空的",
        "答案": "C"
    },
    "问题4": {
        "题干": "目标物体的外观特征包括什么？",
        "A": "单个隔层",
        "B": "无隔层",
        "C": "多个隔层，每个隔层都装有文件或纸张",
        "D": "透明设计",
        "答案": "C"
    },
    "问题5": {
        "题干": "根据图片，目标物体最可能用于什么场景？",
        "A": "厨房收纳",
        "B": "办公文件管理",
        "C": "浴室用品存放",
        "D": "卧室衣物整理",
        "答案": "B"
    }
}