{
    "问题1": {
        "题干": "图片中的植物叶片颜色为？",
        "A": "绿色",
        "B": "红色",
        "C": "黄色",
        "D": "蓝色",
        "答案": "A"
    },
    "问题2": {
        "题干": "放置植物的花瓶材质是什么？",
        "A": "陶瓷",
        "B": "金属",
        "C": "塑料",
        "D": "玻璃",
        "答案": "D"
    },
    "问题3": {
        "题干": "台面上的白色电子设备最有可能是？",
        "A": "加湿器或空气净化器",
        "B": "咖啡机",
        "C": "微波炉",
        "D": "打印机",
        "答案": "A"
    },
    "问题4": {
        "题干": "植物的整体状态如何？",
        "A": "枯萎",
        "B": "健康生长",
        "C": "部分发黄",
        "D": "刚移植",
        "答案": "B"
    },
    "问题5": {
        "题干": "白色电子设备上的电源线颜色为？",
        "A": "白色",
        "B": "红色",
        "C": "黑色",
        "D": "蓝色",
        "答案": "C"
    }
}