{
    "问题1": {
        "题干": "图片中的装饰植物被种植在什么材质的容器中？",
        "A": "透明的花瓶",
        "B": "陶瓷花盆",
        "C": "木质花箱",
        "D": "塑料花盆",
        "答案": "A"
    },
    "问题2": {
        "题干": "白色电子设备最有可能的功能是什么？",
        "A": "音响",
        "B": "加湿器或空气净化器",
        "C": "路由器",
        "D": "微波炉",
        "答案": "B"
    },
    "问题3": {
        "题干": "植物和电子设备放置在什么颜色的台面上？",
        "A": "深色",
        "B": "黑色",
        "C": "浅色",
        "D": "红色",
        "答案": "C"
    },
    "问题4": {
        "题干": "背景墙壁的颜色是？",
        "A": "深棕色",
        "B": "浅棕色",
        "C": "蓝色",
        "D": "绿色",
        "答案": "B"
    },
    "问题5": {
        "题干": "关于植物的状态描述正确的是？",
        "A": "枯萎",
        "B": "生长茂盛",
        "C": "刚发芽",
        "D": "开花",
        "答案": "B"
    }
}