{
    "问题1": {
        "Question": "局部图像中的sign背景颜色是什么？",
        "Answer": "黑色"
    },
    "问题2": {
        "Question": "局部图像中的sign上的箭头指向哪个方向？",
        "Answer": "向右"
    },
    "问题3": {
        "Question": "局部图像中的sign上的文字颜色是什么？",
        "Answer": "白色"
    },
    "问题4": {
        "Question": "局部图像中的sign处于什么状态？",
        "Answer": "悬挂状态"
    }
}