{
    "问题1": {
        "Question": "图片中的装饰植物被种植在什么材质的容器中？",
        "Answer": "透明的花瓶"
    },
    "问题2": {
        "Question": "白色电子设备上有哪些特征？",
        "Answer": "按钮和显示屏"
    },
    "问题3": {
        "Question": "植物的颜色是什么？",
        "Answer": "绿色"
    },
    "问题4": {
        "Question": "背景墙壁的颜色是什么？",
        "Answer": "浅棕色"
    },
    "问题5": {
        "Question": "植物的状态如何？",
        "Answer": "生长茂盛"
    }
}