{
    "问题1": {
        "题干": "局部图像中的装饰画中，人物穿着的颜色是？",
        "A": "深色和橙色",
        "B": "红色和黄色",
        "C": "蓝色和绿色",
        "D": "白色和黑色",
        "答案": "A"
    },
    "问题2": {
        "题干": "局部图像中的装饰画背景的主要颜色是什么？",
        "A": "红色",
        "B": "绿色",
        "C": "灰蓝色",
        "D": "黄色",
        "答案": "C"
    },
    "问题3": {
        "题干": "局部图像中的装饰画材质看起来像是什么？",
        "A": "金属",
        "B": "塑料",
        "C": "印刷在画布或墙上",
        "D": "陶瓷",
        "答案": "C"
    },
    "问题4": {
        "题干": "局部图像中的装饰画中，两个人物的姿态如何？",
        "A": "姿态僵硬",
        "B": "姿态生动",
        "C": "姿态模糊",
        "D": "姿态静止",
        "答案": "B"
    },
    "问题5": {
        "题干": "局部图像中的装饰画的整体状态是？",
        "A": "画面模糊",
        "B": "画面破损",
        "C": "画面清晰",
        "D": "画面扭曲",
        "答案": "C"
    }
}