{
    "问题1": {
        "Question": "图片中的inflatable_stool是什么颜色的？",
        "Answer": "棕色"
    },
    "问题2": {
        "Question": "inflatable_stool的材质是什么？",
        "Answer": "充气橡胶"
    },
    "问题3": {
        "Question": "inflatable_stool当前处于什么状态？",
        "Answer": "充气状态，呈半圆形"
    },
    "问题4": {
        "Question": "inflatable_stool在图片中主要用于什么功能？",
        "Answer": "帮助排便"
    }
}