{
    "问题1": {
        "题干": "沙发的颜色是什么？",
        "A": "棕色",
        "B": "灰色",
        "C": "蓝色",
        "D": "黑色",
        "答案": "A"
    },
    "问题2": {
        "题干": "沙发的材质最可能是以下哪种？",
        "A": "金属",
        "B": "布料",
        "C": "皮革",
        "D": "塑料",
        "答案": "B"
    },
    "问题3": {
        "题干": "沙发上放置了哪些物品？",
        "A": "书本和眼镜",
        "B": "手机和水杯",
        "C": "遥控器和杂志",
        "D": "钥匙和钱包",
        "答案": "B"
    },
    "问题4": {
        "题干": "沙发的状态如何描述？",
        "A": "杂乱无章",
        "B": "破损严重",
        "C": "整洁，有人坐在上面",
        "D": "空无一人",
        "答案": "C"
    },
    "问题5": {
        "题干": "沙发上的坐垫有几个？",
        "A": "一个",
        "B": "两个",
        "C": "三个",
        "D": "四个",
        "答案": "B"
    }
}