{
    "问题1": {
        "Question": "图片中的ottoman是什么颜色的？",
        "Answer": "浅棕色"
    },
    "问题2": {
        "Question": "根据图片判断，ottoman的材质最可能是以下哪种？",
        "Answer": "布料或皮革"
    },
    "问题3": {
        "Question": "ottoman的状态如何？",
        "Answer": "完好无损，看起来很新"
    },
    "问题4": {
        "Question": "ottoman的设计风格可以描述为哪种？",
        "Answer": "简洁现代"
    },
    "问题5": {
        "Question": "ottoman的表面特征是什么样的？",
        "Answer": "平整"
    }
}