{
    "问题1": {
        "Question": "在局部图像中，目标物体上的中文文字是什么？",
        "Answer": "西门子"
    },
    "问题2": {
        "Question": "目标物体上的英文标识是什么？",
        "Answer": "Siemens"
    },
    "问题3": {
        "Question": "目标物体的主要颜色是什么？",
        "Answer": "蓝色和白色"
    },
    "问题4": {
        "Question": "目标物体看起来是由什么材质制成的？",
        "Answer": "金属或塑料"
    },
    "问题5": {
        "Question": "目标物体的状态如何？",
        "Answer": "清晰可见"
    }
}