{
    "问题1": {
        "题干": "局部图像中的sign背景颜色是什么？",
        "A": "黑色",
        "B": "白色",
        "C": "红色",
        "D": "蓝色",
        "答案": "A"
    },
    "问题2": {
        "题干": "局部图像中的sign上的箭头指向哪个方向？",
        "A": "左",
        "B": "右",
        "C": "上",
        "D": "下",
        "答案": "B"
    },
    "问题3": {
        "题干": "局部图像中的sign上的文字颜色是什么？",
        "A": "黑色",
        "B": "红色",
        "C": "白色",
        "D": "黄色",
        "答案": "C"
    },
    "问题4": {
        "题干": "局部图像中的sign的材质看起来更像什么？",
        "A": "金属",
        "B": "布质或塑料",
        "C": "玻璃",
        "D": "木质",
        "答案": "B"
    },
    "问题5": {
        "题干": "局部图像中的sign处于什么状态？",
        "A": "平放状态",
        "B": "悬挂状态",
        "C": "倾斜状态",
        "D": "折叠状态",
        "答案": "B"
    }
}