{
  "images": [
    {
      "id": 1,
      "file_name": "WKL09002526HK0D3696_3_PQJKOZY6Lk6P1IdfyAA_ai-search-table-clean.jpg",
      "width": 1920,
      "height": 1080
    }
  ],
  "annotations": [
    {
      "id": 1,
      "image_id": 1,
      "category_id": 1,
      "bbox": [
        780.0,
        893.0,
        76.0,
        62.0
      ],
      "area": 3439.0
    },
    {
      "id": 2,
      "image_id": 1,
      "category_id": 2,
      "bbox": [
        886.0,
        915.0,
        99.0,
        70.0
      ],
      "area": 1870.0
    },
    {
      "id": 3,
      "image_id": 1,
      "category_id": 3,
      "bbox": [
        1008.0,
        869.0,
        75.0,
        97.0
      ],
      "area": 4050.0
    },
    {
      "id": 4,
      "image_id": 1,
      "category_id": 4,
      "bbox": [
        929.0,
        883.0,
        28.0,
        20.0
      ],
      "area": 411.0
    },
    {
      "id": 5,
      "image_id": 1,
      "category_id": 5,
      "bbox": [
        1056.0,
        1036.0,
        53.0,
        44.0
      ],
      "area": 1811.0
    },
    {
      "id": 6,
      "image_id": 1,
      "category_id": 6,
      "bbox": [
        0.0,
        280.0,
        313.0,
        800.0
      ],
      "area": 112667.0
    },
    {
      "id": 7,
      "image_id": 1,
      "category_id": 7,
      "bbox": [
        1614.0,
        946.0,
        147.0,
        134.0
      ],
      "area": 14044.0
    },
    {
      "id": 8,
      "image_id": 1,
      "category_id": 8,
      "bbox": [
        306.0,
        27.0,
        336.0,
        182.0
      ],
      "area": 48185.0
    },
    {
      "id": 9,
      "image_id": 1,
      "category_id": 9,
      "bbox": [
        702.0,
        862.0,
        506.0,
        218.0
      ],
      "area": 46919.0
    },
    {
      "id": 10,
      "image_id": 1,
      "category_id": 10,
      "bbox": [
        1082.0,
        365.0,
        105.0,
        162.0
      ],
      "area": 6384.0
    },
    {
      "id": 11,
      "image_id": 1,
      "category_id": 10,
      "bbox": [
        1321.0,
        461.0,
        161.0,
        217.0
      ],
      "area": 26862.0
    },
    {
      "id": 12,
      "image_id": 1,
      "category_id": 10,
      "bbox": [
        1577.0,
        390.0,
        148.0,
        170.0
      ],
      "area": 4168.0
    },
    {
      "id": 13,
      "image_id": 1,
      "category_id": 11,
      "bbox": [
        823.0,
        760.0,
        164.0,
        108.0
      ],
      "area": 12752.0
    },
    {
      "id": 14,
      "image_id": 1,
      "category_id": 11,
      "bbox": [
        1084.0,
        792.0,
        200.0,
        270.0
      ],
      "area": 24687.0
    },
    {
      "id": 15,
      "image_id": 1,
      "category_id": 12,
      "bbox": [
        1086.0,
        351.0,
        68.0,
        170.0
      ],
      "area": 5631.0
    },
    {
      "id": 16,
      "image_id": 1,
      "category_id": 12,
      "bbox": [
        1365.0,
        344.0,
        89.0,
        111.0
      ],
      "area": 7300.0
    },
    {
      "id": 17,
      "image_id": 1,
      "category_id": 12,
      "bbox": [
        1570.0,
        385.0,
        92.0,
        174.0
      ],
      "area": 9606.0
    },
    {
      "id": 18,
      "image_id": 1,
      "category_id": 12,
      "bbox": [
        1637.0,
        409.0,
        110.0,
        181.0
      ],
      "area": 13043.0
    },
    {
      "id": 19,
      "image_id": 1,
      "category_id": 13,
      "bbox": [
        603.0,
        723.0,
        273.0,
        354.0
      ],
      "area": 41342.0
    },
    {
      "id": 20,
      "image_id": 1,
      "category_id": 13,
      "bbox": [
        513.0,
        923.0,
        219.0,
        157.0
      ],
      "area": 19506.0
    },
    {
      "id": 21,
      "image_id": 1,
      "category_id": 13,
      "bbox": [
        1201.0,
        302.0,
        117.0,
        287.0
      ],
      "area": 14165.0
    },
    {
      "id": 22,
      "image_id": 1,
      "category_id": 13,
      "bbox": [
        1713.0,
        246.0,
        62.0,
        100.0
      ],
      "area": 4228.0
    },
    {
      "id": 23,
      "image_id": 1,
      "category_id": 14,
      "bbox": [
        988.0,
        44.0,
        69.0,
        48.0
      ],
      "area": 2980.0
    },
    {
      "id": 24,
      "image_id": 1,
      "category_id": 14,
      "bbox": [
        1088.0,
        48.0,
        79.0,
        54.0
      ],
      "area": 3935.0
    },
    {
      "id": 25,
      "image_id": 1,
      "category_id": 14,
      "bbox": [
        1184.0,
        48.0,
        95.0,
        43.0
      ],
      "area": 3217.0
    },
    {
      "id": 26,
      "image_id": 1,
      "category_id": 14,
      "bbox": [
        1291.0,
        52.0,
        94.0,
        43.0
      ],
      "area": 3219.0
    },
    {
      "id": 27,
      "image_id": 1,
      "category_id": 14,
      "bbox": [
        1383.0,
        65.0,
        138.0,
        71.0
      ],
      "area": 7905.0
    },
    {
      "id": 28,
      "image_id": 1,
      "category_id": 14,
      "bbox": [
        1601.0,
        88.0,
        36.0,
        67.0
      ],
      "area": 2086.0
    },
    {
      "id": 29,
      "image_id": 1,
      "category_id": 14,
      "bbox": [
        1637.0,
        94.0,
        110.0,
        64.0
      ],
      "area": 5317.0
    },
    {
      "id": 30,
      "image_id": 1,
      "category_id": 14,
      "bbox": [
        1746.0,
        110.0,
        74.0,
        55.0
      ],
      "area": 3242.0
    },
    {
      "id": 31,
      "image_id": 1,
      "category_id": 15,
      "bbox": [
        576.0,
        340.0,
        126.0,
        147.0
      ],
      "area": 14445.0
    },
    {
      "id": 32,
      "image_id": 1,
      "category_id": 16,
      "bbox": [
        0.0,
        289.0,
        907.0,
        787.0
      ],
      "area": 340368.0
    },
    {
      "id": 33,
      "image_id": 1,
      "category_id": 17,
      "bbox": [
        106.0,
        231.0,
        130.0,
        143.0
      ],
      "area": 13178.0
    },
    {
      "id": 34,
      "image_id": 1,
      "category_id": 18,
      "bbox": [
        359.0,
        268.0,
        53.0,
        55.0
      ],
      "area": 1839.0
    },
    {
      "id": 35,
      "image_id": 1,
      "category_id": 13,
      "bbox": [
        123.0,
        462.0,
        70.0,
        155.0
      ],
      "area": 7681.0
    },
    {
      "id": 36,
      "image_id": 1,
      "category_id": 13,
      "bbox": [
        166.0,
        526.0,
        68.0,
        85.0
      ],
      "area": 3685.0
    },
    {
      "id": 37,
      "image_id": 1,
      "category_id": 13,
      "bbox": [
        956.0,
        175.0,
        42.0,
        70.0
      ],
      "area": 2335.0
    },
    {
      "id": 38,
      "image_id": 1,
      "category_id": 13,
      "bbox": [
        994.0,
        162.0,
        43.0,
        81.0
      ],
      "area": 2202.0
    },
    {
      "id": 39,
      "image_id": 1,
      "category_id": 13,
      "bbox": [
        1089.0,
        158.0,
        39.0,
        87.0
      ],
      "area": 1712.0
    },
    {
      "id": 40,
      "image_id": 1,
      "category_id": 13,
      "bbox": [
        1112.0,
        166.0,
        48.0,
        99.0
      ],
      "area": 3261.0
    },
    {
      "id": 41,
      "image_id": 1,
      "category_id": 13,
      "bbox": [
        1615.0,
        210.0,
        40.0,
        37.0
      ],
      "area": 998.0
    },
    {
      "id": 42,
      "image_id": 1,
      "category_id": 13,
      "bbox": [
        1652.0,
        214.0,
        28.0,
        40.0
      ],
      "area": 838.0
    }
  ],
  "categories": [
    {
      "id": 1,
      "name": "碗"
    },
    {
      "id": 2,
      "name": "盘子"
    },
    {
      "id": 3,
      "name": "茶壶"
    },
    {
      "id": 4,
      "name": "杯子"
    },
    {
      "id": 5,
      "name": "小碗"
    },
    {
      "id": 6,
      "name": "植物"
    },
    {
      "id": 7,
      "name": "垃圾桶"
    },
    {
      "id": 8,
      "name": "装饰画"
    },
    {
      "id": 9,
      "name": "圆形餐桌"
    },
    {
      "id": 10,
      "name": "方形餐桌"
    },
    {
      "id": 11,
      "name": "中式椅子"
    },
    {
      "id": 12,
      "name": "红色椅子"
    },
    {
      "id": 13,
      "name": "人物"
    },
    {
      "id": 14,
      "name": "吊灯"
    },
    {
      "id": 15,
      "name": "柜台"
    },
    {
      "id": 16,
      "name": "屏风"
    },
    {
      "id": 17,
      "name": "展示柜"
    },
    {
      "id": 18,
      "name": "电子设备"
    }
  ]
}