{
  "images": [
    {
      "id": 1,
      "file_name": "WKL09006093HK021419_CjE2dZ4FwGAFu4JOBQllV.jpg",
      "width": 1920,
      "height": 1080
    }
  ],
  "annotations": [
    {
      "id": 1,
      "image_id": 1,
      "category_id": 1,
      "bbox": [
        54.0,
        541.0,
        323.0,
        539.0
      ],
      "area": 75825.0
    },
    {
      "id": 2,
      "image_id": 1,
      "category_id": 1,
      "bbox": [
        803.0,
        207.0,
        157.0,
        198.0
      ],
      "area": 14699.0
    },
    {
      "id": 3,
      "image_id": 1,
      "category_id": 1,
      "bbox": [
        919.0,
        141.0,
        112.0,
        205.0
      ],
      "area": 11332.0
    },
    {
      "id": 4,
      "image_id": 1,
      "category_id": 1,
      "bbox": [
        1324.0,
        34.0,
        167.0,
        366.0
      ],
      "area": 33787.0
    },
    {
      "id": 5,
      "image_id": 1,
      "category_id": 1,
      "bbox": [
        1340.0,
        0.0,
        92.0,
        61.0
      ],
      "area": 3916.0
    },
    {
      "id": 6,
      "image_id": 1,
      "category_id": 2,
      "bbox": [
        574.0,
        450.0,
        189.0,
        116.0
      ],
      "area": 8636.0
    },
    {
      "id": 7,
      "image_id": 1,
      "category_id": 3,
      "bbox": [
        739.0,
        319.0,
        373.0,
        439.0
      ],
      "area": 117395.0
    },
    {
      "id": 8,
      "image_id": 1,
      "category_id": 4,
      "bbox": [
        626.0,
        607.0,
        106.0,
        102.0
      ],
      "area": 5454.0
    },
    {
      "id": 9,
      "image_id": 1,
      "category_id": 5,
      "bbox": [
        642.0,
        733.0,
        189.0,
        252.0
      ],
      "area": 31728.0
    },
    {
      "id": 10,
      "image_id": 1,
      "category_id": 6,
      "bbox": [
        394.0,
        290.0,
        48.0,
        114.0
      ],
      "area": 3116.0
    },
    {
      "id": 11,
      "image_id": 1,
      "category_id": 7,
      "bbox": [
        122.0,
        86.0,
        100.0,
        231.0
      ],
      "area": 14575.0
    },
    {
      "id": 12,
      "image_id": 1,
      "category_id": 8,
      "bbox": [
        1756.0,
        56.0,
        141.0,
        374.0
      ],
      "area": 30712.0
    },
    {
      "id": 13,
      "image_id": 1,
      "category_id": 7,
      "bbox": [
        1632.0,
        623.0,
        207.0,
        329.0
      ],
      "area": 45304.0
    },
    {
      "id": 14,
      "image_id": 1,
      "category_id": 9,
      "bbox": [
        0.0,
        91.0,
        100.0,
        127.0
      ],
      "area": 9236.0
    },
    {
      "id": 15,
      "image_id": 1,
      "category_id": 9,
      "bbox": [
        108.0,
        380.0,
        79.0,
        97.0
      ],
      "area": 4730.0
    },
    {
      "id": 16,
      "image_id": 1,
      "category_id": 9,
      "bbox": [
        357.0,
        106.0,
        96.0,
        156.0
      ],
      "area": 9910.0
    },
    {
      "id": 17,
      "image_id": 1,
      "category_id": 9,
      "bbox": [
        1606.0,
        354.0,
        66.0,
        155.0
      ],
      "area": 6461.0
    },
    {
      "id": 18,
      "image_id": 1,
      "category_id": 10,
      "bbox": [
        1011.0,
        237.0,
        56.0,
        171.0
      ],
      "area": 6055.0
    },
    {
      "id": 19,
      "image_id": 1,
      "category_id": 11,
      "bbox": [
        243.0,
        331.0,
        89.0,
        71.0
      ],
      "area": 3377.0
    },
    {
      "id": 20,
      "image_id": 1,
      "category_id": 12,
      "bbox": [
        604.0,
        465.0,
        68.0,
        54.0
      ],
      "area": 3297.0
    },
    {
      "id": 21,
      "image_id": 1,
      "category_id": 13,
      "bbox": [
        670.0,
        460.0,
        48.0,
        41.0
      ],
      "area": 1401.0
    },
    {
      "id": 22,
      "image_id": 1,
      "category_id": 14,
      "bbox": [
        611.0,
        558.0,
        134.0,
        86.0
      ],
      "area": 7538.0
    }
  ],
  "categories": [
    {
      "id": 1,
      "name": "person"
    },
    {
      "id": 2,
      "name": "table"
    },
    {
      "id": 3,
      "name": "sofa"
    },
    {
      "id": 4,
      "name": "stool"
    },
    {
      "id": 5,
      "name": "flower"
    },
    {
      "id": 6,
      "name": "fire extinguisher"
    },
    {
      "id": 7,
      "name": "mannequin"
    },
    {
      "id": 8,
      "name": "poster"
    },
    {
      "id": 9,
      "name": "underwear"
    },
    {
      "id": 10,
      "name": "clothing"
    },
    {
      "id": 11,
      "name": "book"
    },
    {
      "id": 12,
      "name": "box"
    },
    {
      "id": 13,
      "name": "cup"
    },
    {
      "id": 14,
      "name": "toy"
    }
  ]
}