{
  "images": [
    {
      "id": 1,
      "file_name": "2.jpg",
      "width": 1280,
      "height": 720
    }
  ],
  "annotations": [
    {
      "id": 1,
      "image_id": 1,
      "category_id": 1,
      "bbox": [
        160.0,
        58.0,
        380.0,
        152.0
      ],
      "area": 42063.0
    },
    {
      "id": 2,
      "image_id": 1,
      "category_id": 1,
      "bbox": [
        152.0,
        186.0,
        375.0,
        128.0
      ],
      "area": 37677.0
    },
    {
      "id": 3,
      "image_id": 1,
      "category_id": 2,
      "bbox": [
        807.0,
        90.0,
        127.0,
        399.0
      ],
      "area": 32132.0
    },
    {
      "id": 4,
      "image_id": 1,
      "category_id": 3,
      "bbox": [
        727.0,
        541.0,
        143.0,
        112.0
      ],
      "area": 4412.0
    },
    {
      "id": 5,
      "image_id": 1,
      "category_id": 4,
      "bbox": [
        816.0,
        656.0,
        116.0,
        64.0
      ],
      "area": 5905.0
    },
    {
      "id": 6,
      "image_id": 1,
      "category_id": 5,
      "bbox": [
        951.0,
        565.0,
        181.0,
        155.0
      ],
      "area": 16413.0
    },
    {
      "id": 7,
      "image_id": 1,
      "category_id": 6,
      "bbox": [
        273.0,
        518.0,
        101.0,
        151.0
      ],
      "area": 12212.0
    },
    {
      "id": 8,
      "image_id": 1,
      "category_id": 3,
      "bbox": [
        182.0,
        375.0,
        147.0,
        106.0
      ],
      "area": 12065.0
    },
    {
      "id": 9,
      "image_id": 1,
      "category_id": 7,
      "bbox": [
        41.0,
        492.0,
        147.0,
        220.0
      ],
      "area": 18099.0
    },
    {
      "id": 10,
      "image_id": 1,
      "category_id": 8,
      "bbox": [
        1017.0,
        31.0,
        77.0,
        97.0
      ],
      "area": 6022.0
    },
    {
      "id": 11,
      "image_id": 1,
      "category_id": 9,
      "bbox": [
        820.0,
        0.0,
        116.0,
        73.0
      ],
      "area": 7109.0
    },
    {
      "id": 12,
      "image_id": 1,
      "category_id": 10,
      "bbox": [
        866.0,
        573.0,
        67.0,
        63.0
      ],
      "area": 3197.0
    },
    {
      "id": 13,
      "image_id": 1,
      "category_id": 11,
      "bbox": [
        742.0,
        549.0,
        121.0,
        90.0
      ],
      "area": 4127.0
    },
    {
      "id": 14,
      "image_id": 1,
      "category_id": 12,
      "bbox": [
        792.0,
        396.0,
        105.0,
        164.0
      ],
      "area": 3480.0
    },
    {
      "id": 15,
      "image_id": 1,
      "category_id": 13,
      "bbox": [
        12.0,
        304.0,
        147.0,
        87.0
      ],
      "area": 3738.0
    },
    {
      "id": 16,
      "image_id": 1,
      "category_id": 14,
      "bbox": [
        1183.0,
        594.0,
        48.0,
        69.0
      ],
      "area": 2050.0
    },
    {
      "id": 17,
      "image_id": 1,
      "category_id": 15,
      "bbox": [
        1222.0,
        640.0,
        51.0,
        70.0
      ],
      "area": 2170.0
    },
    {
      "id": 18,
      "image_id": 1,
      "category_id": 16,
      "bbox": [
        597.0,
        0.0,
        348.0,
        532.0
      ],
      "area": 51075.0
    },
    {
      "id": 19,
      "image_id": 1,
      "category_id": 17,
      "bbox": [
        139.0,
        294.0,
        409.0,
        426.0
      ],
      "area": 82154.0
    },
    {
      "id": 20,
      "image_id": 1,
      "category_id": 18,
      "bbox": [
        130.0,
        36.0,
        131.0,
        108.0
      ],
      "area": 6779.0
    },
    {
      "id": 21,
      "image_id": 1,
      "category_id": 19,
      "bbox": [
        216.0,
        54.0,
        152.0,
        43.0
      ],
      "area": 3550.0
    },
    {
      "id": 22,
      "image_id": 1,
      "category_id": 20,
      "bbox": [
        586.0,
        41.0,
        62.0,
        92.0
      ],
      "area": 3962.0
    },
    {
      "id": 23,
      "image_id": 1,
      "category_id": 19,
      "bbox": [
        232.0,
        643.0,
        80.0,
        77.0
      ],
      "area": 3935.0
    },
    {
      "id": 24,
      "image_id": 1,
      "category_id": 21,
      "bbox": [
        686.0,
        376.0,
        52.0,
        54.0
      ],
      "area": 2049.0
    },
    {
      "id": 25,
      "image_id": 1,
      "category_id": 22,
      "bbox": [
        707.0,
        413.0,
        54.0,
        58.0
      ],
      "area": 2123.0
    },
    {
      "id": 26,
      "image_id": 1,
      "category_id": 23,
      "bbox": [
        747.0,
        318.0,
        20.0,
        43.0
      ],
      "area": 167.0
    },
    {
      "id": 27,
      "image_id": 1,
      "category_id": 24,
      "bbox": [
        727.0,
        74.0,
        39.0,
        41.0
      ],
      "area": 1248.0
    },
    {
      "id": 28,
      "image_id": 1,
      "category_id": 25,
      "bbox": [
        760.0,
        85.0,
        28.0,
        84.0
      ],
      "area": 1768.0
    },
    {
      "id": 29,
      "image_id": 1,
      "category_id": 26,
      "bbox": [
        727.0,
        214.0,
        51.0,
        46.0
      ],
      "area": 1688.0
    },
    {
      "id": 30,
      "image_id": 1,
      "category_id": 27,
      "bbox": [
        752.0,
        245.0,
        26.0,
        41.0
      ],
      "area": 815.0
    },
    {
      "id": 31,
      "image_id": 1,
      "category_id": 3,
      "bbox": [
        715.0,
        305.0,
        53.0,
        116.0
      ],
      "area": 3928.0
    },
    {
      "id": 32,
      "image_id": 1,
      "category_id": 28,
      "bbox": [
        756.0,
        485.0,
        55.0,
        85.0
      ],
      "area": 2683.0
    },
    {
      "id": 33,
      "image_id": 1,
      "category_id": 5,
      "bbox": [
        747.0,
        187.0,
        35.0,
        37.0
      ],
      "area": 911.0
    }
  ],
  "categories": [
    {
      "id": 1,
      "name": "plastic_storage_box"
    },
    {
      "id": 2,
      "name": "apron"
    },
    {
      "id": 3,
      "name": "plastic_basket"
    },
    {
      "id": 4,
      "name": "plastic_bucket"
    },
    {
      "id": 5,
      "name": "metal_tray"
    },
    {
      "id": 6,
      "name": "rubber_glove"
    },
    {
      "id": 7,
      "name": "cleaning_spray_bottle"
    },
    {
      "id": 8,
      "name": "wall_clock"
    },
    {
      "id": 9,
      "name": "plate_stack"
    },
    {
      "id": 10,
      "name": "mop"
    },
    {
      "id": 11,
      "name": "broom"
    },
    {
      "id": 12,
      "name": "spatula"
    },
    {
      "id": 13,
      "name": "faucet"
    },
    {
      "id": 14,
      "name": "wall_switch"
    },
    {
      "id": 15,
      "name": "thermostat"
    },
    {
      "id": 16,
      "name": "metal_storage_shelf"
    },
    {
      "id": 17,
      "name": "metal_workbench"
    },
    {
      "id": 18,
      "name": "plastic_container"
    },
    {
      "id": 19,
      "name": "cloth"
    },
    {
      "id": 20,
      "name": "chef_hat"
    },
    {
      "id": 21,
      "name": "metal_pot"
    },
    {
      "id": 22,
      "name": "metal_basin"
    },
    {
      "id": 23,
      "name": "stainless_steel_bowl"
    },
    {
      "id": 24,
      "name": "ceramic_bowl_stack"
    },
    {
      "id": 25,
      "name": "glass_stack"
    },
    {
      "id": 26,
      "name": "metal_steamer"
    },
    {
      "id": 27,
      "name": "metal_lid"
    },
    {
      "id": 28,
      "name": "cleaning_brush"
    }
  ]
}