{
  "images": [
    {
      "id": 1,
      "file_name": "3.jpg",
      "width": 334,
      "height": 547
    }
  ],
  "annotations": [
    {
      "id": 1,
      "image_id": 1,
      "category_id": 1,
      "bbox": [
        0.0,
        37.0,
        29.0,
        90.0
      ],
      "area": 1728.0
    },
    {
      "id": 2,
      "image_id": 1,
      "category_id": 2,
      "bbox": [
        196.0,
        86.0,
        101.0,
        396.0
      ],
      "area": 25463.0
    },
    {
      "id": 3,
      "image_id": 1,
      "category_id": 3,
      "bbox": [
        34.0,
        10.0,
        290.0,
        521.0
      ],
      "area": 49268.0
    },
    {
      "id": 4,
      "image_id": 1,
      "category_id": 4,
      "bbox": [
        96.0,
        317.0,
        51.0,
        101.0
      ],
      "area": 2174.0
    },
    {
      "id": 5,
      "image_id": 1,
      "category_id": 5,
      "bbox": [
        202.0,
        0.0,
        103.0,
        69.0
      ],
      "area": 6111.0
    },
    {
      "id": 6,
      "image_id": 1,
      "category_id": 6,
      "bbox": [
        169.0,
        197.0,
        28.0,
        16.0
      ],
      "area": 398.0
    },
    {
      "id": 7,
      "image_id": 1,
      "category_id": 7,
      "bbox": [
        148.0,
        393.0,
        128.0,
        154.0
      ],
      "area": 3246.0
    },
    {
      "id": 8,
      "image_id": 1,
      "category_id": 8,
      "bbox": [
        110.0,
        211.0,
        46.0,
        46.0
      ],
      "area": 1539.0
    },
    {
      "id": 9,
      "image_id": 1,
      "category_id": 9,
      "bbox": [
        90.0,
        410.0,
        51.0,
        58.0
      ],
      "area": 2011.0
    },
    {
      "id": 10,
      "image_id": 1,
      "category_id": 10,
      "bbox": [
        0.0,
        180.0,
        108.0,
        258.0
      ],
      "area": 19782.0
    }
  ],
  "categories": [
    {
      "id": 1,
      "name": "head_wear"
    },
    {
      "id": 2,
      "name": "apron"
    },
    {
      "id": 3,
      "name": "storage_rack"
    },
    {
      "id": 4,
      "name": "basket"
    },
    {
      "id": 5,
      "name": "dish"
    },
    {
      "id": 6,
      "name": "label"
    },
    {
      "id": 7,
      "name": "broom"
    },
    {
      "id": 8,
      "name": "bowl"
    },
    {
      "id": 9,
      "name": "pot"
    },
    {
      "id": 10,
      "name": "chef_uniform"
    }
  ]
}