{
  "images": [
    {
      "id": 1,
      "file_name": "cube_.jpg",
      "width": 2448,
      "height": 3264
    }
  ],
  "annotations": [
    {
      "id": 1,
      "image_id": 1,
      "category_id": 1,
      "bbox": [
        130.0,
        1110.0,
        640.0,
        791.0
      ],
      "area": 310172.0
    },
    {
      "id": 2,
      "image_id": 1,
      "category_id": 2,
      "bbox": [
        536.0,
        1113.0,
        574.0,
        467.0
      ],
      "area": 198844.0
    },
    {
      "id": 3,
      "image_id": 1,
      "category_id": 2,
      "bbox": [
        1114.0,
        1113.0,
        498.0,
        399.0
      ],
      "area": 149816.0
    },
    {
      "id": 4,
      "image_id": 1,
      "category_id": 3,
      "bbox": [
        942.0,
        1516.0,
        471.0,
        128.0
      ],
      "area": 35440.0
    },
    {
      "id": 5,
      "image_id": 1,
      "category_id": 4,
      "bbox": [
        1515.0,
        1529.0,
        101.0,
        58.0
      ],
      "area": 4091.0
    },
    {
      "id": 6,
      "image_id": 1,
      "category_id": 5,
      "bbox": [
        1564.0,
        1256.0,
        370.0,
        319.0
      ],
      "area": 48350.0
    },
    {
      "id": 7,
      "image_id": 1,
      "category_id": 6,
      "bbox": [
        1696.0,
        1392.0,
        119.0,
        214.0
      ],
      "area": 17882.0
    },
    {
      "id": 8,
      "image_id": 1,
      "category_id": 7,
      "bbox": [
        1782.0,
        1408.0,
        235.0,
        205.0
      ],
      "area": 32456.0
    },
    {
      "id": 9,
      "image_id": 1,
      "category_id": 8,
      "bbox": [
        451.0,
        2339.0,
        296.0,
        397.0
      ],
      "area": 91065.0
    },
    {
      "id": 10,
      "image_id": 1,
      "category_id": 9,
      "bbox": [
        1383.0,
        1710.0,
        459.0,
        365.0
      ],
      "area": 85466.0
    },
    {
      "id": 11,
      "image_id": 1,
      "category_id": 10,
      "bbox": [
        386.0,
        1916.0,
        466.0,
        454.0
      ],
      "area": 688.0
    },
    {
      "id": 12,
      "image_id": 1,
      "category_id": 11,
      "bbox": [
        1066.0,
        1804.0,
        1196.0,
        1392.0
      ],
      "area": 574914.0
    },
    {
      "id": 13,
      "image_id": 1,
      "category_id": 12,
      "bbox": [
        167.0,
        1469.0,
        1818.0,
        1228.0
      ],
      "area": 673248.0
    }
  ],
  "categories": [
    {
      "id": 1,
      "name": "backpack"
    },
    {
      "id": 2,
      "name": "monitor"
    },
    {
      "id": 3,
      "name": "keyboard"
    },
    {
      "id": 4,
      "name": "mouse"
    },
    {
      "id": 5,
      "name": "desk_organizer"
    },
    {
      "id": 6,
      "name": "cup"
    },
    {
      "id": 7,
      "name": "carton"
    },
    {
      "id": 8,
      "name": "trash_bin"
    },
    {
      "id": 9,
      "name": "computer_host"
    },
    {
      "id": 10,
      "name": "drawer"
    },
    {
      "id": 11,
      "name": "office_chair"
    },
    {
      "id": 12,
      "name": "desk"
    }
  ]
}