{
  "images": [
    {
      "id": 1,
      "file_name": "cube.jpg",
      "width": 1279,
      "height": 1706
    }
  ],
  "annotations": [
    {
      "id": 1,
      "image_id": 1,
      "category_id": 1,
      "bbox": [
        248.0,
        579.0,
        320.0,
        253.0
      ],
      "area": 61589.0
    },
    {
      "id": 2,
      "image_id": 1,
      "category_id": 1,
      "bbox": [
        568.0,
        577.0,
        274.0,
        215.0
      ],
      "area": 47183.0
    },
    {
      "id": 3,
      "image_id": 1,
      "category_id": 2,
      "bbox": [
        490.0,
        787.0,
        244.0,
        80.0
      ],
      "area": 10957.0
    },
    {
      "id": 4,
      "image_id": 1,
      "category_id": 3,
      "bbox": [
        559.0,
        742.0,
        54.0,
        35.0
      ],
      "area": 1412.0
    },
    {
      "id": 5,
      "image_id": 1,
      "category_id": 4,
      "bbox": [
        372.0,
        825.0,
        75.0,
        87.0
      ],
      "area": 5454.0
    },
    {
      "id": 6,
      "image_id": 1,
      "category_id": 5,
      "bbox": [
        729.0,
        803.0,
        153.0,
        56.0
      ],
      "area": 6707.0
    },
    {
      "id": 7,
      "image_id": 1,
      "category_id": 6,
      "bbox": [
        816.0,
        656.0,
        201.0,
        166.0
      ],
      "area": 18039.0
    },
    {
      "id": 8,
      "image_id": 1,
      "category_id": 7,
      "bbox": [
        221.0,
        1230.0,
        157.0,
        197.0
      ],
      "area": 23714.0
    },
    {
      "id": 9,
      "image_id": 1,
      "category_id": 8,
      "bbox": [
        77.0,
        673.0,
        110.0,
        206.0
      ],
      "area": 11646.0
    },
    {
      "id": 10,
      "image_id": 1,
      "category_id": 9,
      "bbox": [
        711.0,
        901.0,
        222.0,
        189.0
      ],
      "area": 24186.0
    },
    {
      "id": 11,
      "image_id": 1,
      "category_id": 10,
      "bbox": [
        101.0,
        769.0,
        933.0,
        634.0
      ],
      "area": 136226.0
    },
    {
      "id": 12,
      "image_id": 1,
      "category_id": 11,
      "bbox": [
        582.0,
        1007.0,
        653.0,
        682.0
      ],
      "area": 167406.0
    },
    {
      "id": 13,
      "image_id": 1,
      "category_id": 12,
      "bbox": [
        835.0,
        646.0,
        184.0,
        55.0
      ],
      "area": 5799.0
    }
  ],
  "categories": [
    {
      "id": 1,
      "name": "computer monitor"
    },
    {
      "id": 2,
      "name": "keyboard"
    },
    {
      "id": 3,
      "name": "computer mouse"
    },
    {
      "id": 4,
      "name": "mug"
    },
    {
      "id": 5,
      "name": "mouse pad"
    },
    {
      "id": 6,
      "name": "storage rack"
    },
    {
      "id": 7,
      "name": "trash bin"
    },
    {
      "id": 8,
      "name": "handbag"
    },
    {
      "id": 9,
      "name": "computer host"
    },
    {
      "id": 10,
      "name": "office desk"
    },
    {
      "id": 11,
      "name": "office chair"
    },
    {
      "id": 12,
      "name": "paper"
    }
  ]
}